-- MySQL dump 10.13  Distrib 5.6.27, for Linux (x86_64)
--
-- Host: localhost    Database: tenant
-- ------------------------------------------------------
-- Server version	5.6.27

/*!40101 SET @OLD_CHARACTER_SET_CLIENT=@@CHARACTER_SET_CLIENT */;
/*!40101 SET @OLD_CHARACTER_SET_RESULTS=@@CHARACTER_SET_RESULTS */;
/*!40101 SET @OLD_COLLATION_CONNECTION=@@COLLATION_CONNECTION */;
/*!40101 SET NAMES utf8 */;
/*!40103 SET @OLD_TIME_ZONE=@@TIME_ZONE */;
/*!40103 SET TIME_ZONE='+00:00' */;
/*!40014 SET @OLD_UNIQUE_CHECKS=@@UNIQUE_CHECKS, UNIQUE_CHECKS=0 */;
/*!40014 SET @OLD_FOREIGN_KEY_CHECKS=@@FOREIGN_KEY_CHECKS, FOREIGN_KEY_CHECKS=0 */;
/*!40101 SET @OLD_SQL_MODE=@@SQL_MODE, SQL_MODE='NO_AUTO_VALUE_ON_ZERO' */;
/*!40111 SET @OLD_SQL_NOTES=@@SQL_NOTES, SQL_NOTES=0 */;

--
-- Table structure for table `buyer`
--

DROP TABLE IF EXISTS `buyer`;
/*!40101 SET @saved_cs_client     = @@character_set_client */;
/*!40101 SET character_set_client = utf8 */;
CREATE TABLE `buyer` (
  `buyer_id` int(11) NOT NULL AUTO_INCREMENT,
  `user_id` int(11) DEFAULT NULL,
  `org_id` int(11) DEFAULT NULL,
  `content_id` int(11) DEFAULT NULL,
  `content_type` varchar(45) DEFAULT NULL,
  `buyer_level` int(11) DEFAULT NULL COMMENT '10:老师 20：院系处长  30院长 40：教务处处长，50：校长',
  `state` int(11) DEFAULT NULL,
  `creator_id` int(11) DEFAULT NULL,
  `create_at` datetime DEFAULT NULL,
  `updater_id` int(11) DEFAULT NULL,
  `update_at` datetime DEFAULT NULL,
  PRIMARY KEY (`buyer_id`),
  KEY `fk_buy_user_idx` (`user_id`),
  KEY `fk_buy_org_idx` (`org_id`)
) ENGINE=InnoDB AUTO_INCREMENT=3 DEFAULT CHARSET=utf8;
/*!40101 SET character_set_client = @saved_cs_client */;

--
-- Dumping data for table `buyer`
--

LOCK TABLES `buyer` WRITE;
/*!40000 ALTER TABLE `buyer` DISABLE KEYS */;
INSERT INTO `buyer` VALUES (1,8,NULL,1,'Tenant',NULL,NULL,1,'2015-12-02 16:27:17',1,'2015-12-02 16:27:17'),(2,8,NULL,2,'Tenant',NULL,NULL,1,'2015-12-02 16:29:28',1,'2015-12-02 16:29:28');
/*!40000 ALTER TABLE `buyer` ENABLE KEYS */;
UNLOCK TABLES;

--
-- Table structure for table `classes`
--

DROP TABLE IF EXISTS `classes`;
/*!40101 SET @saved_cs_client     = @@character_set_client */;
/*!40101 SET character_set_client = utf8 */;
CREATE TABLE `classes` (
  `class_id` int(20) NOT NULL AUTO_INCREMENT,
  `class_name` varchar(300) DEFAULT NULL,
  `tenant_id` int(20) DEFAULT NULL,
  `course_id` int(20) DEFAULT NULL,
  `tc_id` int(11) DEFAULT NULL,
  `template_course` int(1) DEFAULT NULL,
  `service_id` int(20) DEFAULT NULL,
  `state` int(10) DEFAULT NULL,
  `finish_status` int(2) DEFAULT NULL,
  `class_start_time` datetime DEFAULT NULL,
  `class_end_time` datetime DEFAULT NULL,
  `is_weight` int(1) DEFAULT '1',
  `video_weight` int(3) DEFAULT NULL,
  `topic_weight` int(3) DEFAULT NULL,
  `quiz_weight` int(3) DEFAULT NULL,
  `assignment_weight` int(3) DEFAULT NULL,
  `exam_weight` int(3) DEFAULT NULL,
  `creator_id` int(11) DEFAULT NULL,
  `updater_id` int(11) DEFAULT NULL,
  `create_at` datetime DEFAULT NULL,
  `update_at` datetime DEFAULT NULL,
  PRIMARY KEY (`class_id`)
) ENGINE=InnoDB AUTO_INCREMENT=5 DEFAULT CHARSET=utf8;
/*!40101 SET character_set_client = @saved_cs_client */;

--
-- Dumping data for table `classes`
--

LOCK TABLES `classes` WRITE;
/*!40000 ALTER TABLE `classes` DISABLE KEYS */;
INSERT INTO `classes` VALUES (1,'1课程1班次1',1,1,1,1,NULL,1,10,'2016-01-14 00:00:00','2016-02-19 00:00:00',1,20,20,20,20,20,1,1,'2015-12-02 16:53:57','2015-12-02 16:53:57'),(2,'1课程2 班次1',1,2,2,0,NULL,1,10,'2015-12-01 00:00:00','2016-01-21 00:00:00',0,30,30,30,10,0,1,1,'2015-12-02 17:11:07','2015-12-02 17:11:07'),(3,'2课程1班次1',2,1,3,0,NULL,1,10,'2015-12-02 00:00:00','2015-12-26 00:00:00',1,50,0,0,0,50,1,1,'2015-12-02 17:11:49','2015-12-02 17:11:49'),(4,'2课程2班次2',2,2,4,1,NULL,1,10,'2015-12-02 00:00:00','2016-01-02 00:00:00',0,10,0,30,30,30,1,1,'2015-12-02 17:12:23','2015-12-02 17:12:23');
/*!40000 ALTER TABLE `classes` ENABLE KEYS */;
UNLOCK TABLES;

--
-- Table structure for table `code`
--

DROP TABLE IF EXISTS `code`;
/*!40101 SET @saved_cs_client     = @@character_set_client */;
/*!40101 SET character_set_client = utf8 */;
CREATE TABLE `code` (
  `code_id` int(11) NOT NULL AUTO_INCREMENT,
  `code_type` varchar(20) DEFAULT NULL,
  `level_type` int(11) DEFAULT NULL,
  `code` int(11) DEFAULT NULL,
  `code_name` varchar(100) DEFAULT NULL,
  `parent_id` int(11) DEFAULT '-1',
  `state` int(11) DEFAULT '1',
  `code_en_name` varchar(100) DEFAULT NULL,
  `creator_id` int(11) DEFAULT NULL,
  `create_at` datetime DEFAULT NULL,
  `update_at` datetime DEFAULT NULL,
  `updater_id` int(11) DEFAULT NULL,
  PRIMARY KEY (`code_id`)
) ENGINE=InnoDB AUTO_INCREMENT=148 DEFAULT CHARSET=utf8;
/*!40101 SET character_set_client = @saved_cs_client */;

--
-- Dumping data for table `code`
--

LOCK TABLES `code` WRITE;
/*!40000 ALTER TABLE `code` DISABLE KEYS */;
INSERT INTO `code` VALUES (116,'currentStatus',1,10,'未交付',-1,1,NULL,NULL,NULL,NULL,NULL),(117,'currentStatus',1,20,'已交付',-1,1,NULL,NULL,NULL,NULL,NULL),(118,'serviceType',1,10,'签约试用',-1,1,NULL,NULL,NULL,NULL,NULL),(119,'serviceType',1,20,'签约付费',-1,1,NULL,NULL,NULL,NULL,NULL),(120,'serviceType',1,30,'营销试用',-1,1,NULL,NULL,NULL,NULL,NULL),(121,'serviceType',1,40,'机构合作',-1,1,NULL,NULL,NULL,NULL,NULL),(122,'orgType',1,10,'院校',-1,1,NULL,NULL,NULL,NULL,NULL),(123,'orgType',1,20,'企业',-1,1,NULL,NULL,NULL,NULL,NULL),(124,'orgType',1,30,'事业',-1,1,NULL,NULL,NULL,NULL,NULL),(125,'orgType',1,40,'机构',-1,1,NULL,NULL,NULL,NULL,NULL),(126,'orgType',1,50,'其他',-1,1,NULL,NULL,NULL,NULL,NULL),(127,'schoolType',1,10,'985',-1,1,NULL,NULL,NULL,NULL,NULL),(128,'schoolType',1,20,'211',-1,1,NULL,NULL,NULL,NULL,NULL),(129,'schoolType',1,30,'一本',-1,1,NULL,NULL,NULL,NULL,NULL),(130,'schoolType',1,40,'二本',-1,1,NULL,NULL,NULL,NULL,NULL),(131,'schoolType',1,50,'三本',-1,1,NULL,NULL,NULL,NULL,NULL),(132,'schoolType',1,60,'大专',-1,1,NULL,NULL,NULL,NULL,NULL),(133,'schoolType',1,70,'高职',-1,1,NULL,NULL,NULL,NULL,NULL),(136,'courseType',1,10,'专业课',-1,1,NULL,NULL,NULL,NULL,NULL),(137,'courseType',1,20,'通识课',-1,1,NULL,NULL,NULL,NULL,NULL),(138,'expireStatue',1,10,'使用中',-1,1,NULL,NULL,NULL,NULL,NULL),(139,'expireStatue',1,20,'即将到期',-1,1,NULL,NULL,NULL,NULL,NULL),(140,'expireStatue',1,30,'已过期',-1,1,NULL,NULL,NULL,NULL,NULL),(146,'finishStatus',1,10,'使用中',-1,1,NULL,NULL,NULL,NULL,NULL),(147,'finishStatus',1,20,'以结课',-1,1,NULL,NULL,NULL,NULL,NULL);
/*!40000 ALTER TABLE `code` ENABLE KEYS */;
UNLOCK TABLES;

--
-- Table structure for table `course`
--

DROP TABLE IF EXISTS `course`;
/*!40101 SET @saved_cs_client     = @@character_set_client */;
/*!40101 SET character_set_client = utf8 */;
CREATE TABLE `course` (
  `course_id` int(11) NOT NULL AUTO_INCREMENT,
  `course_name` varchar(45) DEFAULT NULL,
  `tenant_id` int(11) DEFAULT NULL,
  `course_type` int(2) DEFAULT NULL COMMENT '10:专业课 20：通识课',
  `info` varchar(4000) DEFAULT NULL,
  `score` int(2) DEFAULT NULL COMMENT '学分',
  `video_length` int(10) DEFAULT NULL COMMENT '视频时长 分钟',
  `service_type` int(11) DEFAULT NULL,
  `state` int(11) DEFAULT NULL,
  `creator_id` int(11) DEFAULT NULL,
  `create_at` datetime DEFAULT NULL,
  `updater_id` int(11) DEFAULT NULL,
  `update_at` datetime DEFAULT NULL,
  `chapter_money` int(11) DEFAULT NULL,
  `chapter_num` int(11) DEFAULT NULL,
  `chapter_all` int(11) DEFAULT NULL,
  `people_money` int(11) DEFAULT NULL,
  `people_num` int(11) DEFAULT NULL,
  `people_all` int(11) DEFAULT NULL,
  PRIMARY KEY (`course_id`),
  KEY `fk_course_tenant_idx` (`tenant_id`)
) ENGINE=InnoDB AUTO_INCREMENT=3 DEFAULT CHARSET=utf8;
/*!40101 SET character_set_client = @saved_cs_client */;

--
-- Dumping data for table `course`
--

LOCK TABLES `course` WRITE;
/*!40000 ALTER TABLE `course` DISABLE KEYS */;
INSERT INTO `course` VALUES (1,'北航1课程1',1,10,NULL,2,200,10,1,1,'2015-12-02 16:31:50',1,'2015-12-02 16:31:50',1000,10,10000,5,2000,10000),(2,'北航1课程2',1,10,NULL,3,200,20,1,1,'2015-12-02 16:33:21',1,'2015-12-02 16:33:21',200,50,10000,50,200,10000);
/*!40000 ALTER TABLE `course` ENABLE KEYS */;
UNLOCK TABLES;

--
-- Table structure for table `log_record`
--

DROP TABLE IF EXISTS `log_record`;
/*!40101 SET @saved_cs_client     = @@character_set_client */;
/*!40101 SET character_set_client = utf8 */;
CREATE TABLE `log_record` (
  `log_id` bigint(20) NOT NULL AUTO_INCREMENT,
  `user_id` int(11) DEFAULT NULL,
  `action_type` int(11) DEFAULT NULL,
  `request_body` text,
  `time` datetime DEFAULT NULL,
  `state` int(11) DEFAULT NULL,
  `creator_id` int(11) DEFAULT NULL,
  `create_at` datetime DEFAULT NULL,
  `updater_id` int(11) DEFAULT NULL,
  `update_id` datetime DEFAULT NULL,
  PRIMARY KEY (`log_id`)
) ENGINE=InnoDB DEFAULT CHARSET=utf8;
/*!40101 SET character_set_client = @saved_cs_client */;

--
-- Dumping data for table `log_record`
--

LOCK TABLES `log_record` WRITE;
/*!40000 ALTER TABLE `log_record` DISABLE KEYS */;
/*!40000 ALTER TABLE `log_record` ENABLE KEYS */;
UNLOCK TABLES;

--
-- Table structure for table `login_record`
--

DROP TABLE IF EXISTS `login_record`;
/*!40101 SET @saved_cs_client     = @@character_set_client */;
/*!40101 SET character_set_client = utf8 */;
CREATE TABLE `login_record` (
  `login_id` int(11) NOT NULL AUTO_INCREMENT,
  `user_id` int(11) DEFAULT NULL,
  `ip` varchar(45) DEFAULT NULL,
  `creator_id` int(11) DEFAULT NULL,
  `create_at` datetime DEFAULT NULL,
  `updater_id` int(11) DEFAULT NULL,
  `update_at` datetime DEFAULT NULL,
  PRIMARY KEY (`login_id`)
) ENGINE=InnoDB AUTO_INCREMENT=14 DEFAULT CHARSET=utf8;
/*!40101 SET character_set_client = @saved_cs_client */;

--
-- Dumping data for table `login_record`
--

LOCK TABLES `login_record` WRITE;
/*!40000 ALTER TABLE `login_record` DISABLE KEYS */;
INSERT INTO `login_record` VALUES (1,1,'123.116.171.249',NULL,'2015-12-02 14:12:43',NULL,'2015-12-02 14:12:43'),(2,1,'106.121.65.140',NULL,'2015-12-02 15:37:17',NULL,'2015-12-02 15:37:17'),(3,1,'106.121.65.140',NULL,'2015-12-02 15:46:05',NULL,'2015-12-02 15:46:05'),(4,1,'127.0.0.1',NULL,'2015-12-02 15:49:14',NULL,'2015-12-02 15:49:14'),(5,1,'127.0.0.1',1,'2015-12-02 15:49:16',1,'2015-12-02 15:49:16'),(6,1,'127.0.0.1',NULL,'2015-12-02 15:50:37',NULL,'2015-12-02 15:50:37'),(7,1,'127.0.0.1',NULL,'2015-12-02 15:55:52',NULL,'2015-12-02 15:55:52'),(8,1,'127.0.0.1',NULL,'2015-12-02 16:05:08',NULL,'2015-12-02 16:05:08'),(9,1,'127.0.0.1',NULL,'2015-12-02 16:35:13',NULL,'2015-12-02 16:35:13'),(10,1,'127.0.0.1',NULL,'2015-12-02 16:52:49',NULL,'2015-12-02 16:52:49'),(11,1,'127.0.0.1',NULL,'2015-12-02 17:01:27',NULL,'2015-12-02 17:01:27'),(12,1,'127.0.0.1',NULL,'2015-12-02 17:06:03',NULL,'2015-12-02 17:06:03'),(13,1,'127.0.0.1',NULL,'2015-12-02 17:10:02',NULL,'2015-12-02 17:10:02');
/*!40000 ALTER TABLE `login_record` ENABLE KEYS */;
UNLOCK TABLES;

--
-- Table structure for table `manager`
--

DROP TABLE IF EXISTS `manager`;
/*!40101 SET @saved_cs_client     = @@character_set_client */;
/*!40101 SET character_set_client = utf8 */;
CREATE TABLE `manager` (
  `manager_id` int(11) NOT NULL AUTO_INCREMENT,
  `user_id` int(11) DEFAULT NULL,
  `content_id` int(11) DEFAULT NULL,
  `content_type` varchar(12) DEFAULT NULL COMMENT '10:',
  `org_id` int(11) DEFAULT NULL,
  `state` int(11) DEFAULT NULL,
  `creator_id` int(11) DEFAULT NULL,
  `create_at` datetime DEFAULT NULL,
  `updater_id` int(11) DEFAULT NULL,
  `update_at` datetime DEFAULT NULL,
  PRIMARY KEY (`manager_id`),
  KEY `fk_man_user_idx` (`user_id`),
  KEY `fk_man_tenant_idx` (`content_id`),
  KEY `fk_man_org_idx` (`org_id`)
) ENGINE=InnoDB AUTO_INCREMENT=3 DEFAULT CHARSET=utf8;
/*!40101 SET character_set_client = @saved_cs_client */;

--
-- Dumping data for table `manager`
--

LOCK TABLES `manager` WRITE;
/*!40000 ALTER TABLE `manager` DISABLE KEYS */;
INSERT INTO `manager` VALUES (1,7,1,'Tenant',6,NULL,1,'2015-12-02 16:27:20',1,'2015-12-02 16:27:20'),(2,6,2,'Tenant',4,NULL,1,'2015-12-02 16:29:30',1,'2015-12-02 16:29:30');
/*!40000 ALTER TABLE `manager` ENABLE KEYS */;
UNLOCK TABLES;

--
-- Table structure for table `menu`
--

DROP TABLE IF EXISTS `menu`;
/*!40101 SET @saved_cs_client     = @@character_set_client */;
/*!40101 SET character_set_client = utf8 */;
CREATE TABLE `menu` (
  `menu_id` int(11) NOT NULL AUTO_INCREMENT,
  `menu_name` varchar(45) DEFAULT NULL,
  `menu_type` int(11) DEFAULT NULL COMMENT '1:menu\n2:module\n3:option',
  `menu_pid` int(11) DEFAULT NULL COMMENT '1:menu   p  menu\n2:module  p  menu\n3:option  p  module',
  `content` varchar(200) DEFAULT NULL,
  `state` int(11) DEFAULT NULL,
  `creator_id` int(11) DEFAULT NULL,
  `create_at` datetime DEFAULT NULL,
  `updater_id` int(11) DEFAULT NULL,
  `update_at` datetime DEFAULT NULL,
  PRIMARY KEY (`menu_id`)
) ENGINE=InnoDB AUTO_INCREMENT=10 DEFAULT CHARSET=utf8;
/*!40101 SET character_set_client = @saved_cs_client */;

--
-- Dumping data for table `menu`
--

LOCK TABLES `menu` WRITE;
/*!40000 ALTER TABLE `menu` DISABLE KEYS */;
INSERT INTO `menu` VALUES (1,'预警管理',1,-1,'/alarm',1,1,NULL,1,NULL),(2,'租户管理',1,-1,'/tenant',1,1,NULL,1,NULL),(5,'课程管理',1,-1,'/course',1,1,NULL,1,NULL),(6,'班次管理',1,-1,'/class',1,1,NULL,1,NULL),(7,'统计分析',1,-1,'/statistics',1,1,NULL,1,NULL),(8,'权限设置',1,-1,'/permission',1,1,NULL,1,NULL),(9,'机构管理',1,-1,'/org',1,1,NULL,1,NULL);
/*!40000 ALTER TABLE `menu` ENABLE KEYS */;
UNLOCK TABLES;

--
-- Table structure for table `org`
--

DROP TABLE IF EXISTS `org`;
/*!40101 SET @saved_cs_client     = @@character_set_client */;
/*!40101 SET character_set_client = utf8 */;
CREATE TABLE `org` (
  `org_id` int(11) NOT NULL AUTO_INCREMENT,
  `org_name` varchar(100) DEFAULT NULL,
  `org_code` varchar(45) DEFAULT NULL,
  `org_type` varchar(50) DEFAULT NULL COMMENT '10:院校，20：企业 30：事业 40：政府 50：其它',
  `org_pid` int(11) DEFAULT NULL,
  `school_type` int(11) DEFAULT NULL COMMENT '10:985，20:211，30:一本，40:二本，50:三本，60:高职，70:高专',
  `city` varchar(11) DEFAULT NULL,
  `province` varchar(11) DEFAULT NULL,
  `state` int(11) DEFAULT NULL,
  `creator_id` int(11) DEFAULT NULL,
  `create_at` datetime DEFAULT NULL,
  `updater_id` int(11) DEFAULT NULL,
  `update_at` datetime DEFAULT NULL,
  PRIMARY KEY (`org_id`)
) ENGINE=InnoDB AUTO_INCREMENT=8 DEFAULT CHARSET=utf8;
/*!40101 SET character_set_client = @saved_cs_client */;

--
-- Dumping data for table `org`
--

LOCK TABLES `org` WRITE;
/*!40000 ALTER TABLE `org` DISABLE KEYS */;
INSERT INTO `org` VALUES (1,'imethod','imethod',NULL,NULL,NULL,NULL,NULL,0,NULL,NULL,NULL,NULL),(2,'高校邦','gxb','20',-1,NULL,'110108','110000',1,1,'2015-12-02 14:19:58',1,'2015-12-02 14:19:58'),(3,'销售部','gxb-sell','20',2,NULL,'110108','110000',1,1,'2015-12-02 15:38:05',1,'2015-12-02 15:38:05'),(4,'运维部','gxb-yw','20',2,NULL,'110108','110000',1,1,'2015-12-02 15:47:05',1,'2015-12-02 15:47:05'),(5,'北航','buaa','10',-1,20,'110108','110000',1,1,'2015-12-02 15:51:19',1,'2015-12-02 15:51:19'),(6,'运营部','gxb-gl','20',-1,NULL,'110108','110000',1,1,'2015-12-02 15:58:03',1,'2015-12-02 15:58:03'),(7,'北京大学','pku','10',-1,20,'110108','110000',1,1,'2015-12-02 16:06:31',1,'2015-12-02 16:06:31');
/*!40000 ALTER TABLE `org` ENABLE KEYS */;
UNLOCK TABLES;

--
-- Table structure for table `os_ticket`
--

DROP TABLE IF EXISTS `os_ticket`;
/*!40101 SET @saved_cs_client     = @@character_set_client */;
/*!40101 SET character_set_client = utf8 */;
CREATE TABLE `os_ticket` (
  `ticket_id` int(11) NOT NULL AUTO_INCREMENT,
  `ticket_info` varchar(45) DEFAULT NULL,
  `user_id` int(11) DEFAULT NULL,
  `state` int(11) DEFAULT NULL,
  `creator_id` int(11) DEFAULT NULL,
  `create_at` datetime DEFAULT NULL,
  `updater_id` int(11) DEFAULT NULL,
  `update_at` datetime DEFAULT NULL,
  `end_time` datetime DEFAULT NULL,
  PRIMARY KEY (`ticket_id`)
) ENGINE=InnoDB AUTO_INCREMENT=14 DEFAULT CHARSET=utf8;
/*!40101 SET character_set_client = @saved_cs_client */;

--
-- Dumping data for table `os_ticket`
--

LOCK TABLES `os_ticket` WRITE;
/*!40000 ALTER TABLE `os_ticket` DISABLE KEYS */;
INSERT INTO `os_ticket` VALUES (1,'c8a8a78c23b04f79aea33a09d9e8af1e',1,1,NULL,'2015-12-02 14:12:43',NULL,'2015-12-02 14:12:43',NULL),(2,'bfd70e58dfc24aab968813f4eb2251fe',1,1,NULL,'2015-12-02 15:37:17',NULL,'2015-12-02 15:37:17',NULL),(3,'cc2e84a4bd064f9faab3f5202c570fbb',1,1,NULL,'2015-12-02 15:46:05',NULL,'2015-12-02 15:46:05',NULL),(4,'188d2b5781974f50b716b289ef24b90c',1,1,NULL,'2015-12-02 15:49:13',NULL,'2015-12-02 15:49:13',NULL),(5,'31b5cc47a85045d6b6c79847c34889b8',1,1,1,'2015-12-02 15:49:15',1,'2015-12-02 15:49:15',NULL),(6,'21c8d98442cf4caa93837a783d0c2203',1,1,NULL,'2015-12-02 15:50:36',NULL,'2015-12-02 15:50:36',NULL),(7,'61a2d463ac7842148121f10cf4f8c34c',1,1,NULL,'2015-12-02 15:55:51',NULL,'2015-12-02 15:55:51',NULL),(8,'a76d8721d19c433daa3dbf636d30aea1',1,1,NULL,'2015-12-02 16:05:07',NULL,'2015-12-02 16:05:07',NULL),(9,'721bde23e70446af958298177294e18a',1,1,NULL,'2015-12-02 16:35:12',NULL,'2015-12-02 16:35:12',NULL),(10,'9a083fe23f8b4209bd1c83062c5d3949',1,1,NULL,'2015-12-02 16:52:47',NULL,'2015-12-02 16:52:47',NULL),(11,'866e5eece10d467a85907a03010deb1b',1,1,NULL,'2015-12-02 17:01:26',NULL,'2015-12-02 17:01:26',NULL),(12,'c2f9567b87a544df817afb9690520427',1,1,NULL,'2015-12-02 17:06:02',NULL,'2015-12-02 17:06:02',NULL),(13,'88fe3f96253246b0b6e45e5d00681699',1,1,NULL,'2015-12-02 17:10:01',NULL,'2015-12-02 17:10:01',NULL);
/*!40000 ALTER TABLE `os_ticket` ENABLE KEYS */;
UNLOCK TABLES;

--
-- Table structure for table `os_user`
--

DROP TABLE IF EXISTS `os_user`;
/*!40101 SET @saved_cs_client     = @@character_set_client */;
/*!40101 SET character_set_client = utf8 */;
CREATE TABLE `os_user` (
  `os_user_id` int(11) NOT NULL AUTO_INCREMENT,
  `user_id` int(11) DEFAULT NULL,
  `password` varchar(45) DEFAULT NULL,
  `creator_id` int(11) DEFAULT NULL,
  `create_at` datetime DEFAULT NULL,
  `updater_id` int(11) DEFAULT NULL,
  `update_at` datetime DEFAULT NULL,
  PRIMARY KEY (`os_user_id`),
  UNIQUE KEY `user_id_UNIQUE` (`user_id`)
) ENGINE=InnoDB AUTO_INCREMENT=2 DEFAULT CHARSET=utf8;
/*!40101 SET character_set_client = @saved_cs_client */;

--
-- Dumping data for table `os_user`
--

LOCK TABLES `os_user` WRITE;
/*!40000 ALTER TABLE `os_user` DISABLE KEYS */;
INSERT INTO `os_user` VALUES (1,1,'123456',1,NULL,1,NULL);
/*!40000 ALTER TABLE `os_user` ENABLE KEYS */;
UNLOCK TABLES;

--
-- Table structure for table `region`
--

DROP TABLE IF EXISTS `region`;
/*!40101 SET @saved_cs_client     = @@character_set_client */;
/*!40101 SET character_set_client = utf8 */;
CREATE TABLE `region` (
  `region_id` bigint(20) NOT NULL AUTO_INCREMENT,
  `region_name` varchar(100) DEFAULT NULL,
  `region_code` varchar(20) DEFAULT NULL,
  `region_type` int(11) DEFAULT NULL,
  `parent_code` varchar(20) DEFAULT NULL,
  `state` int(11) DEFAULT NULL,
  `creator_id` int(11) DEFAULT NULL,
  `create_at` datetime DEFAULT NULL,
  `updater_id` int(11) DEFAULT NULL,
  `update_at` datetime DEFAULT NULL,
  PRIMARY KEY (`region_id`)
) ENGINE=InnoDB AUTO_INCREMENT=7198 DEFAULT CHARSET=utf8;
/*!40101 SET character_set_client = @saved_cs_client */;

--
-- Dumping data for table `region`
--

LOCK TABLES `region` WRITE;
/*!40000 ALTER TABLE `region` DISABLE KEYS */;
INSERT INTO `region` VALUES (1,'中国','00001',1,'-1',1,0,'2015-11-10 00:00:00',0,'2015-11-10 00:00:00'),(2,'北京市','110000',2,'00001',1,0,'2015-11-10 00:00:00',0,'2015-11-10 00:00:00'),(3,'天津市','120000',2,'00001',1,0,'2015-11-10 00:00:00',0,'2015-11-10 00:00:00'),(4,'河北省','130000',2,'00001',1,0,'2015-11-10 00:00:00',0,'2015-11-10 00:00:00'),(5,'山西省','140000',2,'00001',1,0,'2015-11-10 00:00:00',0,'2015-11-10 00:00:00'),(6,'内蒙古','150000',2,'00001',1,0,'2015-11-10 00:00:00',0,'2015-11-10 00:00:00'),(7,'辽宁省','210000',2,'00001',1,0,'2015-11-10 00:00:00',0,'2015-11-10 00:00:00'),(8,'吉林省','220000',2,'00001',1,0,'2015-11-10 00:00:00',0,'2015-11-10 00:00:00'),(9,'黑龙江省','230000',2,'00001',1,0,'2015-11-10 00:00:00',0,'2015-11-10 00:00:00'),(10,'上海市','310000',2,'00001',1,0,'2015-11-10 00:00:00',0,'2015-11-10 00:00:00'),(11,'江苏省','320000',2,'00001',1,0,'2015-11-10 00:00:00',0,'2015-11-10 00:00:00'),(12,'浙江省','330000',2,'00001',1,0,'2015-11-10 00:00:00',0,'2015-11-10 00:00:00'),(13,'安徽省','340000',2,'00001',1,0,'2015-11-10 00:00:00',0,'2015-11-10 00:00:00'),(14,'福建省','350000',2,'00001',1,0,'2015-11-10 00:00:00',0,'2015-11-10 00:00:00'),(15,'江西省','360000',2,'00001',1,0,'2015-11-10 00:00:00',0,'2015-11-10 00:00:00'),(16,'山东省','370000',2,'00001',1,0,'2015-11-10 00:00:00',0,'2015-11-10 00:00:00'),(17,'河南省','410000',2,'00001',1,0,'2015-11-10 00:00:00',0,'2015-11-10 00:00:00'),(18,'湖北省','420000',2,'00001',1,0,'2015-11-10 00:00:00',0,'2015-11-10 00:00:00'),(19,'湖南省','430000',2,'00001',1,0,'2015-11-10 00:00:00',0,'2015-11-10 00:00:00'),(20,'广东省','440000',2,'00001',1,0,'2015-11-10 00:00:00',0,'2015-11-10 00:00:00'),(21,'广西','450000',2,'00001',1,0,'2015-11-10 00:00:00',0,'2015-11-10 00:00:00'),(22,'海南省','460000',2,'00001',1,0,'2015-11-10 00:00:00',0,'2015-11-10 00:00:00'),(23,'重庆市','500000',2,'00001',1,0,'2015-11-10 00:00:00',0,'2015-11-10 00:00:00'),(24,'四川省','510000',2,'00001',1,0,'2015-11-10 00:00:00',0,'2015-11-10 00:00:00'),(25,'贵州省','520000',2,'00001',1,0,'2015-11-10 00:00:00',0,'2015-11-10 00:00:00'),(26,'云南省','530000',2,'00001',1,0,'2015-11-10 00:00:00',0,'2015-11-10 00:00:00'),(27,'西藏','540000',2,'00001',1,0,'2015-11-10 00:00:00',0,'2015-11-10 00:00:00'),(28,'陕西省','610000',2,'00001',1,0,'2015-11-10 00:00:00',0,'2015-11-10 00:00:00'),(29,'甘肃省','620000',2,'00001',1,0,'2015-11-10 00:00:00',0,'2015-11-10 00:00:00'),(30,'青海省','630000',2,'00001',1,0,'2015-11-10 00:00:00',0,'2015-11-10 00:00:00'),(31,'宁夏','640000',2,'00001',1,0,'2015-11-10 00:00:00',0,'2015-11-10 00:00:00'),(32,'新疆','650000',2,'00001',1,0,'2015-11-10 00:00:00',0,'2015-11-10 00:00:00'),(33,'台湾省','710000',2,'00001',1,0,'2015-11-10 00:00:00',0,'2015-11-10 00:00:00'),(34,'香港','810000',2,'00001',1,0,'2015-11-10 00:00:00',0,'2015-11-10 00:00:00'),(35,'澳门','820000 ',2,'00001',1,0,'2015-11-10 00:00:00',0,'2015-11-10 00:00:00'),(36,'东城区','110101',3,'110000',1,0,'2015-11-10 00:00:00',0,'2015-11-10 00:00:00'),(37,'西城区','110102',3,'110000',1,0,'2015-11-10 00:00:00',0,'2015-11-10 00:00:00'),(38,'崇文区','110103',3,'110000',1,0,'2015-11-10 00:00:00',0,'2015-11-10 00:00:00'),(39,'宣武区','110104',3,'110000',1,0,'2015-11-10 00:00:00',0,'2015-11-10 00:00:00'),(40,'朝阳区','110105',3,'110000',1,0,'2015-11-10 00:00:00',0,'2015-11-10 00:00:00'),(41,'丰台区','110106',3,'110000',1,0,'2015-11-10 00:00:00',0,'2015-11-10 00:00:00'),(42,'石景山区','110107',3,'110000',1,0,'2015-11-10 00:00:00',0,'2015-11-10 00:00:00'),(43,'海淀区','110108',3,'110000',1,0,'2015-11-10 00:00:00',0,'2015-11-10 00:00:00'),(44,'门头沟区','110109',3,'110000',1,0,'2015-11-10 00:00:00',0,'2015-11-10 00:00:00'),(45,'燕山区','110110',3,'110000',1,0,'2015-11-10 00:00:00',0,'2015-11-10 00:00:00'),(46,'房山区','110111',3,'110000',1,0,'2015-11-10 00:00:00',0,'2015-11-10 00:00:00'),(47,'通州区','110112',3,'110000',1,0,'2015-11-10 00:00:00',0,'2015-11-10 00:00:00'),(48,'顺义区','110113',3,'110000',1,0,'2015-11-10 00:00:00',0,'2015-11-10 00:00:00'),(49,'昌平区','110114',3,'110000',1,0,'2015-11-10 00:00:00',0,'2015-11-10 00:00:00'),(50,'大兴区','110115',3,'110000',1,0,'2015-11-10 00:00:00',0,'2015-11-10 00:00:00'),(51,'怀柔区','110116',3,'110000',1,0,'2015-11-10 00:00:00',0,'2015-11-10 00:00:00'),(52,'平谷区','110117',3,'110000',1,0,'2015-11-10 00:00:00',0,'2015-11-10 00:00:00'),(53,'昌平县','110221',3,'110000',1,0,'2015-11-10 00:00:00',0,'2015-11-10 00:00:00'),(54,'顺义县','110222',3,'110000',1,0,'2015-11-10 00:00:00',0,'2015-11-10 00:00:00'),(55,'通县','110223',3,'110000',1,0,'2015-11-10 00:00:00',0,'2015-11-10 00:00:00'),(56,'大兴县','110224',3,'110000',1,0,'2015-11-10 00:00:00',0,'2015-11-10 00:00:00'),(57,'房山县','110225',3,'110000',1,0,'2015-11-10 00:00:00',0,'2015-11-10 00:00:00'),(58,'平谷县','110226',3,'110000',1,0,'2015-11-10 00:00:00',0,'2015-11-10 00:00:00'),(59,'怀柔县','110227',3,'110000',1,0,'2015-11-10 00:00:00',0,'2015-11-10 00:00:00'),(60,'密云县','110228',3,'110000',1,0,'2015-11-10 00:00:00',0,'2015-11-10 00:00:00'),(61,'延庆县','110229 ',3,'110000',1,0,'2015-11-10 00:00:00',0,'2015-11-10 00:00:00'),(62,'和平区','120101',3,'120000',1,0,'2015-11-10 00:00:00',0,'2015-11-10 00:00:00'),(63,'河东区','120102',3,'120000',1,0,'2015-11-10 00:00:00',0,'2015-11-10 00:00:00'),(64,'河西区','120103',3,'120000',1,0,'2015-11-10 00:00:00',0,'2015-11-10 00:00:00'),(65,'南开区','120104',3,'120000',1,0,'2015-11-10 00:00:00',0,'2015-11-10 00:00:00'),(66,'河北区','120105',3,'120000',1,0,'2015-11-10 00:00:00',0,'2015-11-10 00:00:00'),(67,'红桥区','120106',3,'120000',1,0,'2015-11-10 00:00:00',0,'2015-11-10 00:00:00'),(68,'塘沽区','120107',3,'120000',1,0,'2015-11-10 00:00:00',0,'2015-11-10 00:00:00'),(69,'汉沽区','120108',3,'120000',1,0,'2015-11-10 00:00:00',0,'2015-11-10 00:00:00'),(70,'大港区','120109',3,'120000',1,0,'2015-11-10 00:00:00',0,'2015-11-10 00:00:00'),(71,'东丽区','120110',3,'120000',1,0,'2015-11-10 00:00:00',0,'2015-11-10 00:00:00'),(72,'西青区','120111',3,'120000',1,0,'2015-11-10 00:00:00',0,'2015-11-10 00:00:00'),(73,'津南区','120112',3,'120000',1,0,'2015-11-10 00:00:00',0,'2015-11-10 00:00:00'),(74,'北辰区','120113',3,'120000',1,0,'2015-11-10 00:00:00',0,'2015-11-10 00:00:00'),(75,'武清区','120114',3,'120000',1,0,'2015-11-10 00:00:00',0,'2015-11-10 00:00:00'),(76,'宝坻区','120115',3,'120000',1,0,'2015-11-10 00:00:00',0,'2015-11-10 00:00:00'),(77,'宁河县','120221',3,'120000',1,0,'2015-11-10 00:00:00',0,'2015-11-10 00:00:00'),(78,'武清县','120222',3,'120000',1,0,'2015-11-10 00:00:00',0,'2015-11-10 00:00:00'),(79,'静海县','120223',3,'120000',1,0,'2015-11-10 00:00:00',0,'2015-11-10 00:00:00'),(80,'宝坻县','120224',3,'120000',1,0,'2015-11-10 00:00:00',0,'2015-11-10 00:00:00'),(81,'蓟县','120225 ',3,'120000',1,0,'2015-11-10 00:00:00',0,'2015-11-10 00:00:00'),(423,'石家庄市','130100',3,'130000',1,0,'2015-11-10 00:00:00',0,'2015-11-10 00:00:00'),(424,'唐山市','130200',3,'130000',1,0,'2015-11-10 00:00:00',0,'2015-11-10 00:00:00'),(425,'秦皇岛市','130300',3,'130000',1,0,'2015-11-10 00:00:00',0,'2015-11-10 00:00:00'),(426,'邯郸市','130400',3,'130000',1,0,'2015-11-10 00:00:00',0,'2015-11-10 00:00:00'),(427,'邢台市','130500',3,'130000',1,0,'2015-11-10 00:00:00',0,'2015-11-10 00:00:00'),(428,'保定市','130600',3,'130000',1,0,'2015-11-10 00:00:00',0,'2015-11-10 00:00:00'),(429,'张家口市','130700',3,'130000',1,0,'2015-11-10 00:00:00',0,'2015-11-10 00:00:00'),(430,'承德市','130800',3,'130000',1,0,'2015-11-10 00:00:00',0,'2015-11-10 00:00:00'),(431,'沧州市','130900',3,'130000',1,0,'2015-11-10 00:00:00',0,'2015-11-10 00:00:00'),(432,'廊坊市','131000',3,'130000',1,0,'2015-11-10 00:00:00',0,'2015-11-10 00:00:00'),(433,'衡水市','131100',3,'130000',1,0,'2015-11-10 00:00:00',0,'2015-11-10 00:00:00'),(434,'邯郸地区','132100',3,'130000',1,0,'2015-11-10 00:00:00',0,'2015-11-10 00:00:00'),(435,'邢台地区','132200',3,'130000',1,0,'2015-11-10 00:00:00',0,'2015-11-10 00:00:00'),(436,'石家庄市','132300',3,'130000',1,0,'2015-11-10 00:00:00',0,'2015-11-10 00:00:00'),(437,'保定地区','132400',3,'130000',1,0,'2015-11-10 00:00:00',0,'2015-11-10 00:00:00'),(438,'张家口地区','132500',3,'130000',1,0,'2015-11-10 00:00:00',0,'2015-11-10 00:00:00'),(439,'承德地区','132600',3,'130000',1,0,'2015-11-10 00:00:00',0,'2015-11-10 00:00:00'),(440,'廊坊地区','132800',3,'130000',1,0,'2015-11-10 00:00:00',0,'2015-11-10 00:00:00'),(441,'沧州地区','132900',3,'130000',1,0,'2015-11-10 00:00:00',0,'2015-11-10 00:00:00'),(442,'衡水地区','133000',3,'130000',1,0,'2015-11-10 00:00:00',0,'2015-11-10 00:00:00'),(443,'武安市','139001 ',3,'130000',1,0,'2015-11-10 00:00:00',0,'2015-11-10 00:00:00'),(683,'呼和浩特市','150100',3,'150000',1,0,'2015-11-10 00:00:00',0,'2015-11-10 00:00:00'),(684,'包头市','150200',3,'150000',1,0,'2015-11-10 00:00:00',0,'2015-11-10 00:00:00'),(685,'乌海市','150300',3,'150000',1,0,'2015-11-10 00:00:00',0,'2015-11-10 00:00:00'),(686,'赤峰市','150400',3,'150000',1,0,'2015-11-10 00:00:00',0,'2015-11-10 00:00:00'),(687,'通辽市','150500',3,'150000',1,0,'2015-11-10 00:00:00',0,'2015-11-10 00:00:00'),(688,'鄂尔多斯市','150600',3,'150000',1,0,'2015-11-10 00:00:00',0,'2015-11-10 00:00:00'),(689,'呼伦贝尔市','150700',3,'150000',1,0,'2015-11-10 00:00:00',0,'2015-11-10 00:00:00'),(690,'巴彦淖尔市','150800',3,'150000',1,0,'2015-11-10 00:00:00',0,'2015-11-10 00:00:00'),(691,'乌兰察布市','150900',3,'150000',1,0,'2015-11-10 00:00:00',0,'2015-11-10 00:00:00'),(692,'呼伦贝尔盟','152100',3,'150000',1,0,'2015-11-10 00:00:00',0,'2015-11-10 00:00:00'),(693,'兴安盟','152200',3,'150000',1,0,'2015-11-10 00:00:00',0,'2015-11-10 00:00:00'),(694,'哲里木盟','152300',3,'150000',1,0,'2015-11-10 00:00:00',0,'2015-11-10 00:00:00'),(695,'锡林郭勒盟','152500',3,'150000',1,0,'2015-11-10 00:00:00',0,'2015-11-10 00:00:00'),(696,'乌兰察布盟','152600',3,'150000',1,0,'2015-11-10 00:00:00',0,'2015-11-10 00:00:00'),(697,'伊克昭盟','152700',3,'150000',1,0,'2015-11-10 00:00:00',0,'2015-11-10 00:00:00'),(698,'巴彦淖尔盟','152800',3,'150000',1,0,'2015-11-10 00:00:00',0,'2015-11-10 00:00:00'),(699,'阿拉善盟','152900 ',3,'150000',1,0,'2015-11-10 00:00:00',0,'2015-11-10 00:00:00'),(858,'沈阳市','210100',3,'210000',1,0,'2015-11-10 00:00:00',0,'2015-11-10 00:00:00'),(859,'大连市','210200',3,'210000',1,0,'2015-11-10 00:00:00',0,'2015-11-10 00:00:00'),(860,'鞍山市','210300',3,'210000',1,0,'2015-11-10 00:00:00',0,'2015-11-10 00:00:00'),(861,'抚顺市','210400',3,'210000',1,0,'2015-11-10 00:00:00',0,'2015-11-10 00:00:00'),(862,'本溪市','210500',3,'210000',1,0,'2015-11-10 00:00:00',0,'2015-11-10 00:00:00'),(863,'丹东市','210600',3,'210000',1,0,'2015-11-10 00:00:00',0,'2015-11-10 00:00:00'),(864,'锦州市','210700',3,'210000',1,0,'2015-11-10 00:00:00',0,'2015-11-10 00:00:00'),(865,'营口市','210800',3,'210000',1,0,'2015-11-10 00:00:00',0,'2015-11-10 00:00:00'),(866,'阜新市','210900',3,'210000',1,0,'2015-11-10 00:00:00',0,'2015-11-10 00:00:00'),(867,'辽阳市','211000',3,'210000',1,0,'2015-11-10 00:00:00',0,'2015-11-10 00:00:00'),(868,'盘锦市','211100',3,'210000',1,0,'2015-11-10 00:00:00',0,'2015-11-10 00:00:00'),(869,'铁岭市','211200',3,'210000',1,0,'2015-11-10 00:00:00',0,'2015-11-10 00:00:00'),(870,'朝阳市','211300',3,'210000',1,0,'2015-11-10 00:00:00',0,'2015-11-10 00:00:00'),(871,'葫芦岛市','211400',3,'210000',1,0,'2015-11-10 00:00:00',0,'2015-11-10 00:00:00'),(872,'铁岭市','212100',3,'210000',1,0,'2015-11-10 00:00:00',0,'2015-11-10 00:00:00'),(873,'朝阳市','212200',3,'210000',1,0,'2015-11-10 00:00:00',0,'2015-11-10 00:00:00'),(874,'瓦房店市','219001',3,'210000',1,0,'2015-11-10 00:00:00',0,'2015-11-10 00:00:00'),(875,'海城市','219002',3,'210000',1,0,'2015-11-10 00:00:00',0,'2015-11-10 00:00:00'),(876,'锦西市','219003',3,'210000',1,0,'2015-11-10 00:00:00',0,'2015-11-10 00:00:00'),(877,'兴城市','219004',3,'210000',1,0,'2015-11-10 00:00:00',0,'2015-11-10 00:00:00'),(878,'铁法市','219005',3,'210000',1,0,'2015-11-10 00:00:00',0,'2015-11-10 00:00:00'),(879,'北票市','219006',3,'210000',1,0,'2015-11-10 00:00:00',0,'2015-11-10 00:00:00'),(880,'开原市','219007 ',3,'210000',1,0,'2015-11-10 00:00:00',0,'2015-11-10 00:00:00'),(983,'长春市','220100',3,'220000',1,0,'2015-11-10 00:00:00',0,'2015-11-10 00:00:00'),(984,'吉林市','220200',3,'220000',1,0,'2015-11-10 00:00:00',0,'2015-11-10 00:00:00'),(985,'四平市','220300',3,'220000',1,0,'2015-11-10 00:00:00',0,'2015-11-10 00:00:00'),(986,'辽源市','220400',3,'220000',1,0,'2015-11-10 00:00:00',0,'2015-11-10 00:00:00'),(987,'通化市','220500',3,'220000',1,0,'2015-11-10 00:00:00',0,'2015-11-10 00:00:00'),(988,'白山市','220600',3,'220000',1,0,'2015-11-10 00:00:00',0,'2015-11-10 00:00:00'),(989,'松原市','220700',3,'220000',1,0,'2015-11-10 00:00:00',0,'2015-11-10 00:00:00'),(990,'白城市','220800',3,'220000',1,0,'2015-11-10 00:00:00',0,'2015-11-10 00:00:00'),(991,'白城地区','222300',3,'220000',1,0,'2015-11-10 00:00:00',0,'2015-11-10 00:00:00'),(992,'延边朝鲜族自治州','222400',3,'220000',1,0,'2015-11-10 00:00:00',0,'2015-11-10 00:00:00'),(993,'四平市','222101',3,'220000',1,0,'2015-11-10 00:00:00',0,'2015-11-10 00:00:00'),(994,'辽源市','222102',3,'220000',1,0,'2015-11-10 00:00:00',0,'2015-11-10 00:00:00'),(995,'怀德县','222121',3,'220000',1,0,'2015-11-10 00:00:00',0,'2015-11-10 00:00:00'),(996,'梨树县','222122',3,'220000',1,0,'2015-11-10 00:00:00',0,'2015-11-10 00:00:00'),(997,'伊通满族自治县','222123',3,'220000',1,0,'2015-11-10 00:00:00',0,'2015-11-10 00:00:00'),(998,'东丰县','222124',3,'220000',1,0,'2015-11-10 00:00:00',0,'2015-11-10 00:00:00'),(999,'双辽县','222125',3,'220000',1,0,'2015-11-10 00:00:00',0,'2015-11-10 00:00:00'),(1000,'通化市','222201',3,'220000',1,0,'2015-11-10 00:00:00',0,'2015-11-10 00:00:00'),(1001,'浑江市','222202',3,'220000',1,0,'2015-11-10 00:00:00',0,'2015-11-10 00:00:00'),(1002,'海龙县','222221',3,'220000',1,0,'2015-11-10 00:00:00',0,'2015-11-10 00:00:00'),(1003,'通化县','222222',3,'220000',1,0,'2015-11-10 00:00:00',0,'2015-11-10 00:00:00'),(1004,'柳河县','222223',3,'220000',1,0,'2015-11-10 00:00:00',0,'2015-11-10 00:00:00'),(1005,'辉南县','222224',3,'220000',1,0,'2015-11-10 00:00:00',0,'2015-11-10 00:00:00'),(1006,'集安县','222225',3,'220000',1,0,'2015-11-10 00:00:00',0,'2015-11-10 00:00:00'),(1007,'抚松县','222226',3,'220000',1,0,'2015-11-10 00:00:00',0,'2015-11-10 00:00:00'),(1008,'靖宇县','222227',3,'220000',1,0,'2015-11-10 00:00:00',0,'2015-11-10 00:00:00'),(1009,'长白朝鲜族自治县','222228',3,'220000',1,0,'2015-11-10 00:00:00',0,'2015-11-10 00:00:00'),(1010,'公主岭市','229001',3,'220000',1,0,'2015-11-10 00:00:00',0,'2015-11-10 00:00:00'),(1011,'梅河口市','229002',3,'220000',1,0,'2015-11-10 00:00:00',0,'2015-11-10 00:00:00'),(1012,'集安市','229003',3,'220000',1,0,'2015-11-10 00:00:00',0,'2015-11-10 00:00:00'),(1013,'桦甸市','229004',3,'220000',1,0,'2015-11-10 00:00:00',0,'2015-11-10 00:00:00'),(1014,'九台市','229005 ',3,'220000',1,0,'2015-11-10 00:00:00',0,'2015-11-10 00:00:00'),(1249,'哈尔滨市','230100',3,'230000',1,0,'2015-11-10 00:00:00',0,'2015-11-10 00:00:00'),(1250,'齐齐哈尔市','230200',3,'230000',1,0,'2015-11-10 00:00:00',0,'2015-11-10 00:00:00'),(1251,'鸡西市','230300',3,'230000',1,0,'2015-11-10 00:00:00',0,'2015-11-10 00:00:00'),(1252,'鹤岗市','230400',3,'230000',1,0,'2015-11-10 00:00:00',0,'2015-11-10 00:00:00'),(1253,'双鸭山市','230500',3,'230000',1,0,'2015-11-10 00:00:00',0,'2015-11-10 00:00:00'),(1254,'大庆市','230600',3,'230000',1,0,'2015-11-10 00:00:00',0,'2015-11-10 00:00:00'),(1255,'伊春市','230700',3,'230000',1,0,'2015-11-10 00:00:00',0,'2015-11-10 00:00:00'),(1256,'佳木斯市','230800',3,'230000',1,0,'2015-11-10 00:00:00',0,'2015-11-10 00:00:00'),(1257,'七台河市','230900',3,'230000',1,0,'2015-11-10 00:00:00',0,'2015-11-10 00:00:00'),(1258,'牡丹江市','231000',3,'230000',1,0,'2015-11-10 00:00:00',0,'2015-11-10 00:00:00'),(1259,'黑河市','231100',3,'230000',1,0,'2015-11-10 00:00:00',0,'2015-11-10 00:00:00'),(1260,'绥化市','231200',3,'230000',1,0,'2015-11-10 00:00:00',0,'2015-11-10 00:00:00'),(1261,'松花江地区','232100',3,'230000',1,0,'2015-11-10 00:00:00',0,'2015-11-10 00:00:00'),(1262,'绥化地区','232300',3,'230000',1,0,'2015-11-10 00:00:00',0,'2015-11-10 00:00:00'),(1263,'佳木斯地区','232400',3,'230000',1,0,'2015-11-10 00:00:00',0,'2015-11-10 00:00:00'),(1264,'牡丹江地区','232500',3,'230000',1,0,'2015-11-10 00:00:00',0,'2015-11-10 00:00:00'),(1265,'黑河地区','232600',3,'230000',1,0,'2015-11-10 00:00:00',0,'2015-11-10 00:00:00'),(1266,'大兴安岭地区','232700',3,'230000',1,0,'2015-11-10 00:00:00',0,'2015-11-10 00:00:00'),(1267,'绥芬河市','239001',3,'230000',1,0,'2015-11-10 00:00:00',0,'2015-11-10 00:00:00'),(1268,'阿城市','239002',3,'230000',1,0,'2015-11-10 00:00:00',0,'2015-11-10 00:00:00'),(1269,'同江市','239003',3,'230000',1,0,'2015-11-10 00:00:00',0,'2015-11-10 00:00:00'),(1270,'富锦市','239004',3,'230000',1,0,'2015-11-10 00:00:00',0,'2015-11-10 00:00:00'),(1271,'铁力市','239005',3,'230000',1,0,'2015-11-10 00:00:00',0,'2015-11-10 00:00:00'),(1272,'密山市','239006 ',3,'230000',1,0,'2015-11-10 00:00:00',0,'2015-11-10 00:00:00'),(1273,'黄浦区','310101',3,'310000',1,0,'2015-11-10 00:00:00',0,'2015-11-10 00:00:00'),(1274,'南市区','310102',3,'310000',1,0,'2015-11-10 00:00:00',0,'2015-11-10 00:00:00'),(1275,'卢湾区','310103',3,'310000',1,0,'2015-11-10 00:00:00',0,'2015-11-10 00:00:00'),(1276,'徐汇区','310104',3,'310000',1,0,'2015-11-10 00:00:00',0,'2015-11-10 00:00:00'),(1277,'长宁区','310105',3,'310000',1,0,'2015-11-10 00:00:00',0,'2015-11-10 00:00:00'),(1278,'静安区','310106',3,'310000',1,0,'2015-11-10 00:00:00',0,'2015-11-10 00:00:00'),(1279,'普陀区','310107',3,'310000',1,0,'2015-11-10 00:00:00',0,'2015-11-10 00:00:00'),(1280,'闸北区','310108',3,'310000',1,0,'2015-11-10 00:00:00',0,'2015-11-10 00:00:00'),(1281,'虹口区','310109',3,'310000',1,0,'2015-11-10 00:00:00',0,'2015-11-10 00:00:00'),(1282,'杨浦区','310110',3,'310000',1,0,'2015-11-10 00:00:00',0,'2015-11-10 00:00:00'),(1283,'吴凇区','310111',3,'310000',1,0,'2015-11-10 00:00:00',0,'2015-11-10 00:00:00'),(1284,'闵行区','310112',3,'310000',1,0,'2015-11-10 00:00:00',0,'2015-11-10 00:00:00'),(1285,'宝山区','310113',3,'310000',1,0,'2015-11-10 00:00:00',0,'2015-11-10 00:00:00'),(1286,'嘉定区','310114',3,'310000',1,0,'2015-11-10 00:00:00',0,'2015-11-10 00:00:00'),(1287,'浦东新区','310115',3,'310000',1,0,'2015-11-10 00:00:00',0,'2015-11-10 00:00:00'),(1288,'金山区','310116',3,'310000',1,0,'2015-11-10 00:00:00',0,'2015-11-10 00:00:00'),(1289,'松江区','310117',3,'310000',1,0,'2015-11-10 00:00:00',0,'2015-11-10 00:00:00'),(1290,'青浦区','310118',3,'310000',1,0,'2015-11-10 00:00:00',0,'2015-11-10 00:00:00'),(1291,'南汇区','310119',3,'310000',1,0,'2015-11-10 00:00:00',0,'2015-11-10 00:00:00'),(1292,'奉贤区','310120',3,'310000',1,0,'2015-11-10 00:00:00',0,'2015-11-10 00:00:00'),(1293,'上海县','310221',3,'310000',1,0,'2015-11-10 00:00:00',0,'2015-11-10 00:00:00'),(1294,'嘉定县','310222',3,'310000',1,0,'2015-11-10 00:00:00',0,'2015-11-10 00:00:00'),(1295,'宝山县','310223',3,'310000',1,0,'2015-11-10 00:00:00',0,'2015-11-10 00:00:00'),(1296,'川沙县','310224',3,'310000',1,0,'2015-11-10 00:00:00',0,'2015-11-10 00:00:00'),(1297,'南汇县','310225',3,'310000',1,0,'2015-11-10 00:00:00',0,'2015-11-10 00:00:00'),(1298,'奉贤县','310226',3,'310000',1,0,'2015-11-10 00:00:00',0,'2015-11-10 00:00:00'),(1299,'松江县','310227',3,'310000',1,0,'2015-11-10 00:00:00',0,'2015-11-10 00:00:00'),(1300,'金山县','310228',3,'310000',1,0,'2015-11-10 00:00:00',0,'2015-11-10 00:00:00'),(1301,'青浦县','310229',3,'310000',1,0,'2015-11-10 00:00:00',0,'2015-11-10 00:00:00'),(1302,'崇明县','310230 ',3,'310000',1,0,'2015-11-10 00:00:00',0,'2015-11-10 00:00:00'),(1490,'南京市','320100',3,'320000',1,0,'2015-11-10 00:00:00',0,'2015-11-10 00:00:00'),(1491,'无锡市','320200',3,'320000',1,0,'2015-11-10 00:00:00',0,'2015-11-10 00:00:00'),(1492,'徐州市','320300',3,'320000',1,0,'2015-11-10 00:00:00',0,'2015-11-10 00:00:00'),(1493,'常州市','320400',3,'320000',1,0,'2015-11-10 00:00:00',0,'2015-11-10 00:00:00'),(1494,'苏州市','320500',3,'320000',1,0,'2015-11-10 00:00:00',0,'2015-11-10 00:00:00'),(1495,'南通市','320600',3,'320000',1,0,'2015-11-10 00:00:00',0,'2015-11-10 00:00:00'),(1496,'连云港市','320700',3,'320000',1,0,'2015-11-10 00:00:00',0,'2015-11-10 00:00:00'),(1497,'淮安市','320800',3,'320000',1,0,'2015-11-10 00:00:00',0,'2015-11-10 00:00:00'),(1498,'盐城市','320900',3,'320000',1,0,'2015-11-10 00:00:00',0,'2015-11-10 00:00:00'),(1499,'扬州市','321000',3,'320000',1,0,'2015-11-10 00:00:00',0,'2015-11-10 00:00:00'),(1500,'镇江市','321100',3,'320000',1,0,'2015-11-10 00:00:00',0,'2015-11-10 00:00:00'),(1501,'泰州市','321200',3,'320000',1,0,'2015-11-10 00:00:00',0,'2015-11-10 00:00:00'),(1502,'宿迁市','321300 ',3,'320000',1,0,'2015-11-10 00:00:00',0,'2015-11-10 00:00:00'),(1664,'杭州市','330100',3,'330000',1,0,'2015-11-10 00:00:00',0,'2015-11-10 00:00:00'),(1665,'台州市','331000',3,'330000',1,0,'2015-11-10 00:00:00',0,'2015-11-10 00:00:00'),(1666,'丽水市','331100',3,'330000',1,0,'2015-11-10 00:00:00',0,'2015-11-10 00:00:00'),(1667,'丽水地区','332500',3,'330000',1,0,'2015-11-10 00:00:00',0,'2015-11-10 00:00:00'),(1668,'台州地区','332600',3,'330000',1,0,'2015-11-10 00:00:00',0,'2015-11-10 00:00:00'),(1669,'舟山地区','332700',3,'330000',1,0,'2015-11-10 00:00:00',0,'2015-11-10 00:00:00'),(1670,'宁波市','330200',3,'330000',1,0,'2015-11-10 00:00:00',0,'2015-11-10 00:00:00'),(1671,'温州市','330300',3,'330000',1,0,'2015-11-10 00:00:00',0,'2015-11-10 00:00:00'),(1672,'嘉兴市','330400',3,'330000',1,0,'2015-11-10 00:00:00',0,'2015-11-10 00:00:00'),(1673,'湖州市','330500',3,'330000',1,0,'2015-11-10 00:00:00',0,'2015-11-10 00:00:00'),(1674,'绍兴市','330600',3,'330000',1,0,'2015-11-10 00:00:00',0,'2015-11-10 00:00:00'),(1675,'金华市','330700',3,'330000',1,0,'2015-11-10 00:00:00',0,'2015-11-10 00:00:00'),(1676,'衢州市','330800',3,'330000',1,0,'2015-11-10 00:00:00',0,'2015-11-10 00:00:00'),(1677,'舟山市','330900',3,'330000',1,0,'2015-11-10 00:00:00',0,'2015-11-10 00:00:00'),(1678,'余姚市','339001',3,'330000',1,0,'2015-11-10 00:00:00',0,'2015-11-10 00:00:00'),(1679,'海宁市','339002',3,'330000',1,0,'2015-11-10 00:00:00',0,'2015-11-10 00:00:00'),(1680,'兰溪市','339003',3,'330000',1,0,'2015-11-10 00:00:00',0,'2015-11-10 00:00:00'),(1681,'瑞安市','339004',3,'330000',1,0,'2015-11-10 00:00:00',0,'2015-11-10 00:00:00'),(1682,'萧山市','339005',3,'330000',1,0,'2015-11-10 00:00:00',0,'2015-11-10 00:00:00'),(1683,'江山市','339006',3,'330000',1,0,'2015-11-10 00:00:00',0,'2015-11-10 00:00:00'),(1684,'义乌市','339007',3,'330000',1,0,'2015-11-10 00:00:00',0,'2015-11-10 00:00:00'),(1685,'东阳市','339008',3,'330000',1,0,'2015-11-10 00:00:00',0,'2015-11-10 00:00:00'),(1686,'慈溪市','339009',3,'330000',1,0,'2015-11-10 00:00:00',0,'2015-11-10 00:00:00'),(1687,'奉化市','339010',3,'330000',1,0,'2015-11-10 00:00:00',0,'2015-11-10 00:00:00'),(1688,'诸暨市','339011 ',3,'330000',1,0,'2015-11-10 00:00:00',0,'2015-11-10 00:00:00'),(1904,'阜阳市','341200',3,'340000',1,0,'2015-11-10 00:00:00',0,'2015-11-10 00:00:00'),(1905,'宿州市','341300',3,'340000',1,0,'2015-11-10 00:00:00',0,'2015-11-10 00:00:00'),(1906,'巢湖市','341400',3,'340000',1,0,'2015-11-10 00:00:00',0,'2015-11-10 00:00:00'),(1907,'六安市','341500',3,'340000',1,0,'2015-11-10 00:00:00',0,'2015-11-10 00:00:00'),(1908,'亳州市','341600',3,'340000',1,0,'2015-11-10 00:00:00',0,'2015-11-10 00:00:00'),(1909,'池州市','341700',3,'340000',1,0,'2015-11-10 00:00:00',0,'2015-11-10 00:00:00'),(1910,'宣城市','341800',3,'340000',1,0,'2015-11-10 00:00:00',0,'2015-11-10 00:00:00'),(1911,'阜阳地区','342100',3,'340000',1,0,'2015-11-10 00:00:00',0,'2015-11-10 00:00:00'),(1912,'宿县地区','342200',3,'340000',1,0,'2015-11-10 00:00:00',0,'2015-11-10 00:00:00'),(1913,'滁县地区','342300',3,'340000',1,0,'2015-11-10 00:00:00',0,'2015-11-10 00:00:00'),(1914,'六安地区','342400',3,'340000',1,0,'2015-11-10 00:00:00',0,'2015-11-10 00:00:00'),(1915,'宣城地区','342500',3,'340000',1,0,'2015-11-10 00:00:00',0,'2015-11-10 00:00:00'),(1916,'巢湖地区','342600',3,'340000',1,0,'2015-11-10 00:00:00',0,'2015-11-10 00:00:00'),(1917,'徽州地区','342700',3,'340000',1,0,'2015-11-10 00:00:00',0,'2015-11-10 00:00:00'),(1918,'安庆地区','342800',3,'340000',1,0,'2015-11-10 00:00:00',0,'2015-11-10 00:00:00'),(1919,'池州地区','342900',3,'340000',1,0,'2015-11-10 00:00:00',0,'2015-11-10 00:00:00'),(1920,'合肥市','340100',3,'340000',1,0,'2015-11-10 00:00:00',0,'2015-11-10 00:00:00'),(1921,'芜湖市','340200',3,'340000',1,0,'2015-11-10 00:00:00',0,'2015-11-10 00:00:00'),(1922,'蚌埠市','340300',3,'340000',1,0,'2015-11-10 00:00:00',0,'2015-11-10 00:00:00'),(1923,'淮南市','340400',3,'340000',1,0,'2015-11-10 00:00:00',0,'2015-11-10 00:00:00'),(1924,'马鞍山市','340500',3,'340000',1,0,'2015-11-10 00:00:00',0,'2015-11-10 00:00:00'),(1925,'淮北市','340600',3,'340000',1,0,'2015-11-10 00:00:00',0,'2015-11-10 00:00:00'),(1926,'铜陵市','340700',3,'340000',1,0,'2015-11-10 00:00:00',0,'2015-11-10 00:00:00'),(1927,'安庆市','340800',3,'340000',1,0,'2015-11-10 00:00:00',0,'2015-11-10 00:00:00'),(1928,'黄山市','341000',3,'340000',1,0,'2015-11-10 00:00:00',0,'2015-11-10 00:00:00'),(1929,'滁州市','341100 ',3,'340000',1,0,'2015-11-10 00:00:00',0,'2015-11-10 00:00:00'),(2082,'宁德市','350900',3,'350000',1,0,'2015-11-10 00:00:00',0,'2015-11-10 00:00:00'),(2083,'南平地区','352100',3,'350000',1,0,'2015-11-10 00:00:00',0,'2015-11-10 00:00:00'),(2084,'宁德地区','352200',3,'350000',1,0,'2015-11-10 00:00:00',0,'2015-11-10 00:00:00'),(2085,'龙岩地区','352600',3,'350000',1,0,'2015-11-10 00:00:00',0,'2015-11-10 00:00:00'),(2086,'三明市','352700',3,'350000',1,0,'2015-11-10 00:00:00',0,'2015-11-10 00:00:00'),(2087,'福州市','350100',3,'350000',1,0,'2015-11-10 00:00:00',0,'2015-11-10 00:00:00'),(2088,'厦门市','350200',3,'350000',1,0,'2015-11-10 00:00:00',0,'2015-11-10 00:00:00'),(2089,'莆田市','350300',3,'350000',1,0,'2015-11-10 00:00:00',0,'2015-11-10 00:00:00'),(2090,'三明市','350400',3,'350000',1,0,'2015-11-10 00:00:00',0,'2015-11-10 00:00:00'),(2091,'泉州市','350500',3,'350000',1,0,'2015-11-10 00:00:00',0,'2015-11-10 00:00:00'),(2092,'漳州市','350600',3,'350000',1,0,'2015-11-10 00:00:00',0,'2015-11-10 00:00:00'),(2093,'南平市','350700',3,'350000',1,0,'2015-11-10 00:00:00',0,'2015-11-10 00:00:00'),(2094,'龙岩市','350800',3,'350000',1,0,'2015-11-10 00:00:00',0,'2015-11-10 00:00:00'),(2095,'永安市','359001',3,'350000',1,0,'2015-11-10 00:00:00',0,'2015-11-10 00:00:00'),(2096,'石狮市','359002 ',3,'350000',1,0,'2015-11-10 00:00:00',0,'2015-11-10 00:00:00'),(2307,'南昌市','360100',3,'360000',1,0,'2015-11-10 00:00:00',0,'2015-11-10 00:00:00'),(2308,'景德镇市','360200',3,'360000',1,0,'2015-11-10 00:00:00',0,'2015-11-10 00:00:00'),(2309,'上饶市','361100',3,'360000',1,0,'2015-11-10 00:00:00',0,'2015-11-10 00:00:00'),(2310,'赣州地区','362100',3,'360000',1,0,'2015-11-10 00:00:00',0,'2015-11-10 00:00:00'),(2311,'宜春地区','362200',3,'360000',1,0,'2015-11-10 00:00:00',0,'2015-11-10 00:00:00'),(2312,'上饶地区','362300',3,'360000',1,0,'2015-11-10 00:00:00',0,'2015-11-10 00:00:00'),(2313,'萍乡市','360300',3,'360000',1,0,'2015-11-10 00:00:00',0,'2015-11-10 00:00:00'),(2314,'九江市','360400',3,'360000',1,0,'2015-11-10 00:00:00',0,'2015-11-10 00:00:00'),(2315,'新余市','360500',3,'360000',1,0,'2015-11-10 00:00:00',0,'2015-11-10 00:00:00'),(2316,'鹰潭市','360600',3,'360000',1,0,'2015-11-10 00:00:00',0,'2015-11-10 00:00:00'),(2317,'赣州市','360700',3,'360000',1,0,'2015-11-10 00:00:00',0,'2015-11-10 00:00:00'),(2318,'吉安市','360800',3,'360000',1,0,'2015-11-10 00:00:00',0,'2015-11-10 00:00:00'),(2319,'宜春市','360900',3,'360000',1,0,'2015-11-10 00:00:00',0,'2015-11-10 00:00:00'),(2320,'抚州市','361000',3,'360000',1,0,'2015-11-10 00:00:00',0,'2015-11-10 00:00:00'),(2321,'吉安地区','362400',3,'360000',1,0,'2015-11-10 00:00:00',0,'2015-11-10 00:00:00'),(2322,'抚州地区','362500',3,'360000',1,0,'2015-11-10 00:00:00',0,'2015-11-10 00:00:00'),(2323,'九江地区','362600 ',3,'360000',1,0,'2015-11-10 00:00:00',0,'2015-11-10 00:00:00'),(2638,'青岛市','370200',3,'370000',1,0,'2015-11-10 00:00:00',0,'2015-11-10 00:00:00'),(2639,'淄博市','370300',3,'370000',1,0,'2015-11-10 00:00:00',0,'2015-11-10 00:00:00'),(2640,'枣庄市','370400',3,'370000',1,0,'2015-11-10 00:00:00',0,'2015-11-10 00:00:00'),(2641,'东营市','370500',3,'370000',1,0,'2015-11-10 00:00:00',0,'2015-11-10 00:00:00'),(2642,'烟台市','370600',3,'370000',1,0,'2015-11-10 00:00:00',0,'2015-11-10 00:00:00'),(2643,'潍坊市','370700',3,'370000',1,0,'2015-11-10 00:00:00',0,'2015-11-10 00:00:00'),(2644,'济宁市','370800',3,'370000',1,0,'2015-11-10 00:00:00',0,'2015-11-10 00:00:00'),(2645,'泰安市','370900',3,'370000',1,0,'2015-11-10 00:00:00',0,'2015-11-10 00:00:00'),(2646,'威海市','371000',3,'370000',1,0,'2015-11-10 00:00:00',0,'2015-11-10 00:00:00'),(2647,'日照市','371100',3,'370000',1,0,'2015-11-10 00:00:00',0,'2015-11-10 00:00:00'),(2648,'莱芜市','371200',3,'370000',1,0,'2015-11-10 00:00:00',0,'2015-11-10 00:00:00'),(2649,'临沂市','371300',3,'370000',1,0,'2015-11-10 00:00:00',0,'2015-11-10 00:00:00'),(2650,'德州市','371400',3,'370000',1,0,'2015-11-10 00:00:00',0,'2015-11-10 00:00:00'),(2651,'聊城市','371500',3,'370000',1,0,'2015-11-10 00:00:00',0,'2015-11-10 00:00:00'),(2652,'滨州市','371600',3,'370000',1,0,'2015-11-10 00:00:00',0,'2015-11-10 00:00:00'),(2653,'济南市','370100',3,'370000',1,0,'2015-11-10 00:00:00',0,'2015-11-10 00:00:00'),(2654,'菏泽市','371700',3,'370000',1,0,'2015-11-10 00:00:00',0,'2015-11-10 00:00:00'),(2655,'烟台地区','372100',3,'370000',1,0,'2015-11-10 00:00:00',0,'2015-11-10 00:00:00'),(2656,'潍坊地区','372200',3,'370000',1,0,'2015-11-10 00:00:00',0,'2015-11-10 00:00:00'),(2657,'滨州地区','372300',3,'370000',1,0,'2015-11-10 00:00:00',0,'2015-11-10 00:00:00'),(2658,'德州地区','372400',3,'370000',1,0,'2015-11-10 00:00:00',0,'2015-11-10 00:00:00'),(2659,'聊城市','372500',3,'370000',1,0,'2015-11-10 00:00:00',0,'2015-11-10 00:00:00'),(2660,'泰安地区','372600',3,'370000',1,0,'2015-11-10 00:00:00',0,'2015-11-10 00:00:00'),(2661,'济宁地区','372700',3,'370000',1,0,'2015-11-10 00:00:00',0,'2015-11-10 00:00:00'),(2662,'临沂地区','372800',3,'370000',1,0,'2015-11-10 00:00:00',0,'2015-11-10 00:00:00'),(2663,'菏泽地区','372900',3,'370000',1,0,'2015-11-10 00:00:00',0,'2015-11-10 00:00:00'),(2664,'青州市','379001',3,'370000',1,0,'2015-11-10 00:00:00',0,'2015-11-10 00:00:00'),(2665,'龙口市','379002',3,'370000',1,0,'2015-11-10 00:00:00',0,'2015-11-10 00:00:00'),(2666,'曲阜市','379003',3,'370000',1,0,'2015-11-10 00:00:00',0,'2015-11-10 00:00:00'),(2667,'莱芜市','379004',3,'370000',1,0,'2015-11-10 00:00:00',0,'2015-11-10 00:00:00'),(2668,'新泰市','379005',3,'370000',1,0,'2015-11-10 00:00:00',0,'2015-11-10 00:00:00'),(2669,'胶州市','379006',3,'370000',1,0,'2015-11-10 00:00:00',0,'2015-11-10 00:00:00'),(2670,'诸城市','379007',3,'370000',1,0,'2015-11-10 00:00:00',0,'2015-11-10 00:00:00'),(2671,'莱阳市','379008',3,'370000',1,0,'2015-11-10 00:00:00',0,'2015-11-10 00:00:00'),(2672,'莱州市','379009',3,'370000',1,0,'2015-11-10 00:00:00',0,'2015-11-10 00:00:00'),(2673,'滕州市','379010',3,'370000',1,0,'2015-11-10 00:00:00',0,'2015-11-10 00:00:00'),(2674,'文登市','379011',3,'370000',1,0,'2015-11-10 00:00:00',0,'2015-11-10 00:00:00'),(2675,'荣城市','379012  ',3,'370000',1,0,'2015-11-10 00:00:00',0,'2015-11-10 00:00:00'),(2965,'鹤壁市','410600',3,'410000',1,0,'2015-11-10 00:00:00',0,'2015-11-10 00:00:00'),(2966,'新乡市','410700',3,'410000',1,0,'2015-11-10 00:00:00',0,'2015-11-10 00:00:00'),(2967,'焦作市','410800',3,'410000',1,0,'2015-11-10 00:00:00',0,'2015-11-10 00:00:00'),(2968,'濮阳市','410900',3,'410000',1,0,'2015-11-10 00:00:00',0,'2015-11-10 00:00:00'),(2969,'许昌市','411000',3,'410000',1,0,'2015-11-10 00:00:00',0,'2015-11-10 00:00:00'),(2970,'漯河市','411100',3,'410000',1,0,'2015-11-10 00:00:00',0,'2015-11-10 00:00:00'),(2971,'三门峡市','411200',3,'410000',1,0,'2015-11-10 00:00:00',0,'2015-11-10 00:00:00'),(2972,'南阳市','411300',3,'410000',1,0,'2015-11-10 00:00:00',0,'2015-11-10 00:00:00'),(2973,'郑州市','410100',3,'410000',1,0,'2015-11-10 00:00:00',0,'2015-11-10 00:00:00'),(2974,'开封市','410200',3,'410000',1,0,'2015-11-10 00:00:00',0,'2015-11-10 00:00:00'),(2975,'洛阳市','410300',3,'410000',1,0,'2015-11-10 00:00:00',0,'2015-11-10 00:00:00'),(2976,'平顶山市','410400',3,'410000',1,0,'2015-11-10 00:00:00',0,'2015-11-10 00:00:00'),(2977,'安阳市','410500',3,'410000',1,0,'2015-11-10 00:00:00',0,'2015-11-10 00:00:00'),(2978,'商丘市','411400',3,'410000',1,0,'2015-11-10 00:00:00',0,'2015-11-10 00:00:00'),(2979,'信阳市','411500',3,'410000',1,0,'2015-11-10 00:00:00',0,'2015-11-10 00:00:00'),(2980,'周口市','411600',3,'410000',1,0,'2015-11-10 00:00:00',0,'2015-11-10 00:00:00'),(2981,'驻马店市','411700',3,'410000',1,0,'2015-11-10 00:00:00',0,'2015-11-10 00:00:00'),(2982,'商丘地区','412300',3,'410000',1,0,'2015-11-10 00:00:00',0,'2015-11-10 00:00:00'),(2983,'开封地区','412400',3,'410000',1,0,'2015-11-10 00:00:00',0,'2015-11-10 00:00:00'),(2984,'三门峡市','412500',3,'410000',1,0,'2015-11-10 00:00:00',0,'2015-11-10 00:00:00'),(2985,'周口地区','412700',3,'410000',1,0,'2015-11-10 00:00:00',0,'2015-11-10 00:00:00'),(2986,'驻马店地区','412800',3,'410000',1,0,'2015-11-10 00:00:00',0,'2015-11-10 00:00:00'),(2987,'南阳市','412900',3,'410000',1,0,'2015-11-10 00:00:00',0,'2015-11-10 00:00:00'),(2988,'信阳地区','413000',3,'410000',1,0,'2015-11-10 00:00:00',0,'2015-11-10 00:00:00'),(2989,'许昌市','412601',3,'410000',1,0,'2015-11-10 00:00:00',0,'2015-11-10 00:00:00'),(2990,'漯河市','412602',3,'410000',1,0,'2015-11-10 00:00:00',0,'2015-11-10 00:00:00'),(2991,'长葛县','412621',3,'410000',1,0,'2015-11-10 00:00:00',0,'2015-11-10 00:00:00'),(2992,'禹县','412622',3,'410000',1,0,'2015-11-10 00:00:00',0,'2015-11-10 00:00:00'),(2993,'鄢陵县','412623',3,'410000',1,0,'2015-11-10 00:00:00',0,'2015-11-10 00:00:00'),(2994,'许昌县','412624',3,'410000',1,0,'2015-11-10 00:00:00',0,'2015-11-10 00:00:00'),(2995,'郏县','412625',3,'410000',1,0,'2015-11-10 00:00:00',0,'2015-11-10 00:00:00'),(2996,'临颍县','412626',3,'410000',1,0,'2015-11-10 00:00:00',0,'2015-11-10 00:00:00'),(2997,'襄城县','412627',3,'410000',1,0,'2015-11-10 00:00:00',0,'2015-11-10 00:00:00'),(2998,'宝丰县','412628',3,'410000',1,0,'2015-11-10 00:00:00',0,'2015-11-10 00:00:00'),(2999,'郾城县','412629',3,'410000',1,0,'2015-11-10 00:00:00',0,'2015-11-10 00:00:00'),(3000,'叶县','412630',3,'410000',1,0,'2015-11-10 00:00:00',0,'2015-11-10 00:00:00'),(3001,'鲁山县','412631',3,'410000',1,0,'2015-11-10 00:00:00',0,'2015-11-10 00:00:00'),(3002,'舞阳县','412632',3,'410000',1,0,'2015-11-10 00:00:00',0,'2015-11-10 00:00:00'),(3003,'义马市','419001',3,'410000',1,0,'2015-11-10 00:00:00',0,'2015-11-10 00:00:00'),(3004,'汝州市','419002',3,'410000',1,0,'2015-11-10 00:00:00',0,'2015-11-10 00:00:00'),(3005,'济源市','419003',3,'410000',1,0,'2015-11-10 00:00:00',0,'2015-11-10 00:00:00'),(3006,'禹州市','419004',3,'410000',1,0,'2015-11-10 00:00:00',0,'2015-11-10 00:00:00'),(3007,'卫辉市','419005',3,'410000',1,0,'2015-11-10 00:00:00',0,'2015-11-10 00:00:00'),(3008,'辉县市','419006 ',3,'410000',1,0,'2015-11-10 00:00:00',0,'2015-11-10 00:00:00'),(3228,'宜昌市','420500',3,'420000',1,0,'2015-11-10 00:00:00',0,'2015-11-10 00:00:00'),(3229,'襄樊市','420600',3,'420000',1,0,'2015-11-10 00:00:00',0,'2015-11-10 00:00:00'),(3230,'鄂州市','420700',3,'420000',1,0,'2015-11-10 00:00:00',0,'2015-11-10 00:00:00'),(3231,'荆门市','420800',3,'420000',1,0,'2015-11-10 00:00:00',0,'2015-11-10 00:00:00'),(3232,'孝感市','420900',3,'420000',1,0,'2015-11-10 00:00:00',0,'2015-11-10 00:00:00'),(3233,'荆州市','421000',3,'420000',1,0,'2015-11-10 00:00:00',0,'2015-11-10 00:00:00'),(3234,'黄冈市','421100',3,'420000',1,0,'2015-11-10 00:00:00',0,'2015-11-10 00:00:00'),(3235,'咸宁市','421200',3,'420000',1,0,'2015-11-10 00:00:00',0,'2015-11-10 00:00:00'),(3236,'随州市','421300',3,'420000',1,0,'2015-11-10 00:00:00',0,'2015-11-10 00:00:00'),(3237,'黄冈地区','422100',3,'420000',1,0,'2015-11-10 00:00:00',0,'2015-11-10 00:00:00'),(3238,'孝感地区','422200',3,'420000',1,0,'2015-11-10 00:00:00',0,'2015-11-10 00:00:00'),(3239,'省直辖行政单位','422900',3,'420000',1,0,'2015-11-10 00:00:00',0,'2015-11-10 00:00:00'),(3240,'省直辖行政单位','429000',3,'420000',1,0,'2015-11-10 00:00:00',0,'2015-11-10 00:00:00'),(3241,'武汉市','420100',3,'420000',1,0,'2015-11-10 00:00:00',0,'2015-11-10 00:00:00'),(3242,'黄石市','420200',3,'420000',1,0,'2015-11-10 00:00:00',0,'2015-11-10 00:00:00'),(3243,'十堰市','420300',3,'420000',1,0,'2015-11-10 00:00:00',0,'2015-11-10 00:00:00'),(3244,'沙市','420400',3,'420000',1,0,'2015-11-10 00:00:00',0,'2015-11-10 00:00:00'),(3245,'咸宁地区','422300',3,'420000',1,0,'2015-11-10 00:00:00',0,'2015-11-10 00:00:00'),(3246,'荆州地区','422400',3,'420000',1,0,'2015-11-10 00:00:00',0,'2015-11-10 00:00:00'),(3247,'随州地区','422500',3,'420000',1,0,'2015-11-10 00:00:00',0,'2015-11-10 00:00:00'),(3248,'郧阳地区','422600',3,'420000',1,0,'2015-11-10 00:00:00',0,'2015-11-10 00:00:00'),(3249,'宜昌地区','422700',3,'420000',1,0,'2015-11-10 00:00:00',0,'2015-11-10 00:00:00'),(3250,'恩施土家族苗族自治州','422800',3,'420000',1,0,'2015-11-10 00:00:00',0,'2015-11-10 00:00:00'),(3251,'沙洋监狱管理局','423022 ',3,'420000',1,0,'2015-11-10 00:00:00',0,'2015-11-10 00:00:00'),(3503,'长沙市','430100',3,'430000',1,0,'2015-11-10 00:00:00',0,'2015-11-10 00:00:00'),(3504,'株洲市','430200',3,'430000',1,0,'2015-11-10 00:00:00',0,'2015-11-10 00:00:00'),(3505,'湘潭市','430300',3,'430000',1,0,'2015-11-10 00:00:00',0,'2015-11-10 00:00:00'),(3506,'衡阳市','430400',3,'430000',1,0,'2015-11-10 00:00:00',0,'2015-11-10 00:00:00'),(3507,'湘潭地区','432100',3,'430000',1,0,'2015-11-10 00:00:00',0,'2015-11-10 00:00:00'),(3508,'岳阳地区','432200',3,'430000',1,0,'2015-11-10 00:00:00',0,'2015-11-10 00:00:00'),(3509,'益阳地区','432300',3,'430000',1,0,'2015-11-10 00:00:00',0,'2015-11-10 00:00:00'),(3510,'常德地区','432400',3,'430000',1,0,'2015-11-10 00:00:00',0,'2015-11-10 00:00:00'),(3511,'娄底地区','432500',3,'430000',1,0,'2015-11-10 00:00:00',0,'2015-11-10 00:00:00'),(3512,'邵阳地区','432600',3,'430000',1,0,'2015-11-10 00:00:00',0,'2015-11-10 00:00:00'),(3513,'衡阳地区','432700',3,'430000',1,0,'2015-11-10 00:00:00',0,'2015-11-10 00:00:00'),(3514,'郴州地区','432800',3,'430000',1,0,'2015-11-10 00:00:00',0,'2015-11-10 00:00:00'),(3515,'零陵地区','432900',3,'430000',1,0,'2015-11-10 00:00:00',0,'2015-11-10 00:00:00'),(3516,'邵阳市','430500',3,'430000',1,0,'2015-11-10 00:00:00',0,'2015-11-10 00:00:00'),(3517,'岳阳市','430600',3,'430000',1,0,'2015-11-10 00:00:00',0,'2015-11-10 00:00:00'),(3518,'常德市','430700',3,'430000',1,0,'2015-11-10 00:00:00',0,'2015-11-10 00:00:00'),(3519,'张家界市','430800',3,'430000',1,0,'2015-11-10 00:00:00',0,'2015-11-10 00:00:00'),(3520,'益阳市','430900',3,'430000',1,0,'2015-11-10 00:00:00',0,'2015-11-10 00:00:00'),(3521,'郴州市','431000',3,'430000',1,0,'2015-11-10 00:00:00',0,'2015-11-10 00:00:00'),(3522,'永州市','431100',3,'430000',1,0,'2015-11-10 00:00:00',0,'2015-11-10 00:00:00'),(3523,'怀化市','431200',3,'430000',1,0,'2015-11-10 00:00:00',0,'2015-11-10 00:00:00'),(3524,'娄底市','431300',3,'430000',1,0,'2015-11-10 00:00:00',0,'2015-11-10 00:00:00'),(3525,'怀化地区','433000',3,'430000',1,0,'2015-11-10 00:00:00',0,'2015-11-10 00:00:00'),(3526,'湘西土家族苗族自治州','433100',3,'430000',1,0,'2015-11-10 00:00:00',0,'2015-11-10 00:00:00'),(3527,'醴陵市','439001',3,'430000',1,0,'2015-11-10 00:00:00',0,'2015-11-10 00:00:00'),(3528,'湘乡市','439002',3,'430000',1,0,'2015-11-10 00:00:00',0,'2015-11-10 00:00:00'),(3529,'耒阳市','439003',3,'430000',1,0,'2015-11-10 00:00:00',0,'2015-11-10 00:00:00'),(3530,'汨罗市','439004',3,'430000',1,0,'2015-11-10 00:00:00',0,'2015-11-10 00:00:00'),(3531,'津市市','439005 ',3,'430000',1,0,'2015-11-10 00:00:00',0,'2015-11-10 00:00:00'),(3788,'广州市','440100',3,'440000',1,0,'2015-11-10 00:00:00',0,'2015-11-10 00:00:00'),(3789,'韶关市','440200',3,'440000',1,0,'2015-11-10 00:00:00',0,'2015-11-10 00:00:00'),(3790,'深圳市','440300',3,'440000',1,0,'2015-11-10 00:00:00',0,'2015-11-10 00:00:00'),(3791,'珠海市','440400',3,'440000',1,0,'2015-11-10 00:00:00',0,'2015-11-10 00:00:00'),(3792,'汕头市','440500',3,'440000',1,0,'2015-11-10 00:00:00',0,'2015-11-10 00:00:00'),(3793,'佛山市','440600',3,'440000',1,0,'2015-11-10 00:00:00',0,'2015-11-10 00:00:00'),(3794,'江门市','440700',3,'440000',1,0,'2015-11-10 00:00:00',0,'2015-11-10 00:00:00'),(3795,'清远市','441800',3,'440000',1,0,'2015-11-10 00:00:00',0,'2015-11-10 00:00:00'),(3796,'东莞市','441900',3,'440000',1,0,'2015-11-10 00:00:00',0,'2015-11-10 00:00:00'),(3797,'中山市','442000',3,'440000',1,0,'2015-11-10 00:00:00',0,'2015-11-10 00:00:00'),(3798,'佛山市','442700',3,'440000',1,0,'2015-11-10 00:00:00',0,'2015-11-10 00:00:00'),(3799,'湛江市','442900',3,'440000',1,0,'2015-11-10 00:00:00',0,'2015-11-10 00:00:00'),(3800,'潮州市','445100',3,'440000',1,0,'2015-11-10 00:00:00',0,'2015-11-10 00:00:00'),(3801,'揭阳市','445200',3,'440000',1,0,'2015-11-10 00:00:00',0,'2015-11-10 00:00:00'),(3802,'湛江市','440800',3,'440000',1,0,'2015-11-10 00:00:00',0,'2015-11-10 00:00:00'),(3803,'茂名市','440900',3,'440000',1,0,'2015-11-10 00:00:00',0,'2015-11-10 00:00:00'),(3804,'肇庆市','441200',3,'440000',1,0,'2015-11-10 00:00:00',0,'2015-11-10 00:00:00'),(3805,'惠州市','441300',3,'440000',1,0,'2015-11-10 00:00:00',0,'2015-11-10 00:00:00'),(3806,'梅州市','441400',3,'440000',1,0,'2015-11-10 00:00:00',0,'2015-11-10 00:00:00'),(3807,'汕尾市','441500',3,'440000',1,0,'2015-11-10 00:00:00',0,'2015-11-10 00:00:00'),(3808,'河源市','441600',3,'440000',1,0,'2015-11-10 00:00:00',0,'2015-11-10 00:00:00'),(3809,'阳江市','441700',3,'440000',1,0,'2015-11-10 00:00:00',0,'2015-11-10 00:00:00'),(3810,'云浮市','445300',3,'440000',1,0,'2015-11-10 00:00:00',0,'2015-11-10 00:00:00'),(3811,'连平县','442524',3,'440000',1,0,'2015-11-10 00:00:00',0,'2015-11-10 00:00:00'),(3812,'河源县','442525',3,'440000',1,0,'2015-11-10 00:00:00',0,'2015-11-10 00:00:00'),(3813,'博罗县','442526',3,'440000',1,0,'2015-11-10 00:00:00',0,'2015-11-10 00:00:00'),(3814,'东莞县','442527',3,'440000',1,0,'2015-11-10 00:00:00',0,'2015-11-10 00:00:00'),(3815,'惠东县','442528',3,'440000',1,0,'2015-11-10 00:00:00',0,'2015-11-10 00:00:00'),(3816,'龙川县','442529',3,'440000',1,0,'2015-11-10 00:00:00',0,'2015-11-10 00:00:00'),(3817,'陆丰县','442530',3,'440000',1,0,'2015-11-10 00:00:00',0,'2015-11-10 00:00:00'),(3818,'海丰县','442531',3,'440000',1,0,'2015-11-10 00:00:00',0,'2015-11-10 00:00:00'),(3819,'始兴县','442621',3,'440000',1,0,'2015-11-10 00:00:00',0,'2015-11-10 00:00:00'),(3820,'南雄县','442622',3,'440000',1,0,'2015-11-10 00:00:00',0,'2015-11-10 00:00:00'),(3821,'仁化县','442623',3,'440000',1,0,'2015-11-10 00:00:00',0,'2015-11-10 00:00:00'),(3822,'乐昌县','442624',3,'440000',1,0,'2015-11-10 00:00:00',0,'2015-11-10 00:00:00'),(3823,'清远县','442628',3,'440000',1,0,'2015-11-10 00:00:00',0,'2015-11-10 00:00:00'),(3824,'翁源县','442630',3,'440000',1,0,'2015-11-10 00:00:00',0,'2015-11-10 00:00:00'),(3825,'连山壮族瑶族自治县','442631',3,'440000',1,0,'2015-11-10 00:00:00',0,'2015-11-10 00:00:00'),(3826,'连南瑶族自治县','442632',3,'440000',1,0,'2015-11-10 00:00:00',0,'2015-11-10 00:00:00'),(3827,'乳源瑶族自治县','442633',3,'440000',1,0,'2015-11-10 00:00:00',0,'2015-11-10 00:00:00'),(3828,'高要县','442821',3,'440000',1,0,'2015-11-10 00:00:00',0,'2015-11-10 00:00:00'),(3829,'四会县','442822',3,'440000',1,0,'2015-11-10 00:00:00',0,'2015-11-10 00:00:00'),(3830,'广宁县','442823',3,'440000',1,0,'2015-11-10 00:00:00',0,'2015-11-10 00:00:00'),(3831,'怀集县','442824',3,'440000',1,0,'2015-11-10 00:00:00',0,'2015-11-10 00:00:00'),(3832,'封开县','442825',3,'440000',1,0,'2015-11-10 00:00:00',0,'2015-11-10 00:00:00'),(3833,'德庆县','442826',3,'440000',1,0,'2015-11-10 00:00:00',0,'2015-11-10 00:00:00'),(3834,'云浮县','442827',3,'440000',1,0,'2015-11-10 00:00:00',0,'2015-11-10 00:00:00'),(3835,'新兴县','442828',3,'440000',1,0,'2015-11-10 00:00:00',0,'2015-11-10 00:00:00'),(3836,'郁南县','442829',3,'440000',1,0,'2015-11-10 00:00:00',0,'2015-11-10 00:00:00'),(3837,'罗定县','442830',3,'440000',1,0,'2015-11-10 00:00:00',0,'2015-11-10 00:00:00'),(3838,'惠州市','442501',3,'440000',1,0,'2015-11-10 00:00:00',0,'2015-11-10 00:00:00'),(3839,'东莞市','442502',3,'440000',1,0,'2015-11-10 00:00:00',0,'2015-11-10 00:00:00'),(3840,'惠阳县','442521',3,'440000',1,0,'2015-11-10 00:00:00',0,'2015-11-10 00:00:00'),(3841,'紫金县','442522',3,'440000',1,0,'2015-11-10 00:00:00',0,'2015-11-10 00:00:00'),(3842,'和平县','442523 ',3,'440000',1,0,'2015-11-10 00:00:00',0,'2015-11-10 00:00:00'),(4062,'百色市','451000',3,'450000',1,0,'2015-11-10 00:00:00',0,'2015-11-10 00:00:00'),(4063,'贺州市','451100',3,'450000',1,0,'2015-11-10 00:00:00',0,'2015-11-10 00:00:00'),(4064,'河池市','451200',3,'450000',1,0,'2015-11-10 00:00:00',0,'2015-11-10 00:00:00'),(4065,'来宾市','451300',3,'450000',1,0,'2015-11-10 00:00:00',0,'2015-11-10 00:00:00'),(4066,'崇左市','451400',3,'450000',1,0,'2015-11-10 00:00:00',0,'2015-11-10 00:00:00'),(4067,'南宁地区','452100',3,'450000',1,0,'2015-11-10 00:00:00',0,'2015-11-10 00:00:00'),(4068,'柳州地区','452200',3,'450000',1,0,'2015-11-10 00:00:00',0,'2015-11-10 00:00:00'),(4069,'南宁市','450100',3,'450000',1,0,'2015-11-10 00:00:00',0,'2015-11-10 00:00:00'),(4070,'柳州市','450200',3,'450000',1,0,'2015-11-10 00:00:00',0,'2015-11-10 00:00:00'),(4071,'桂林市','450300',3,'450000',1,0,'2015-11-10 00:00:00',0,'2015-11-10 00:00:00'),(4072,'梧州市','450400',3,'450000',1,0,'2015-11-10 00:00:00',0,'2015-11-10 00:00:00'),(4073,'北海市','450500',3,'450000',1,0,'2015-11-10 00:00:00',0,'2015-11-10 00:00:00'),(4074,'防城港市','450600',3,'450000',1,0,'2015-11-10 00:00:00',0,'2015-11-10 00:00:00'),(4075,'钦州市','450700',3,'450000',1,0,'2015-11-10 00:00:00',0,'2015-11-10 00:00:00'),(4076,'贵港市','450800',3,'450000',1,0,'2015-11-10 00:00:00',0,'2015-11-10 00:00:00'),(4077,'玉林市','450900',3,'450000',1,0,'2015-11-10 00:00:00',0,'2015-11-10 00:00:00'),(4078,'桂林地区','452300',3,'450000',1,0,'2015-11-10 00:00:00',0,'2015-11-10 00:00:00'),(4079,'贺州地区','452400',3,'450000',1,0,'2015-11-10 00:00:00',0,'2015-11-10 00:00:00'),(4080,'玉林地区','452500',3,'450000',1,0,'2015-11-10 00:00:00',0,'2015-11-10 00:00:00'),(4081,'百色地区','452600',3,'450000',1,0,'2015-11-10 00:00:00',0,'2015-11-10 00:00:00'),(4082,'河池地区','452700',3,'450000',1,0,'2015-11-10 00:00:00',0,'2015-11-10 00:00:00'),(4083,'钦州地区','452800 ',3,'450000',1,0,'2015-11-10 00:00:00',0,'2015-11-10 00:00:00'),(4093,'海口市','460100',3,'460000',1,0,'2015-11-10 00:00:00',0,'2015-11-10 00:00:00'),(4094,'三亚市','460200',3,'460000',1,0,'2015-11-10 00:00:00',0,'2015-11-10 00:00:00'),(4095,'陵水黎族自治县','469034',3,'460000',1,0,'2015-11-10 00:00:00',0,'2015-11-10 00:00:00'),(4096,'保亭黎族苗族自治县','469035',3,'460000',1,0,'2015-11-10 00:00:00',0,'2015-11-10 00:00:00'),(4097,'琼中黎族苗族自治县','469036',3,'460000',1,0,'2015-11-10 00:00:00',0,'2015-11-10 00:00:00'),(4098,'西沙群岛','469037',3,'460000',1,0,'2015-11-10 00:00:00',0,'2015-11-10 00:00:00'),(4099,'南沙群岛','469038',3,'460000',1,0,'2015-11-10 00:00:00',0,'2015-11-10 00:00:00'),(4100,'中沙群岛的岛礁及其海域','469039',3,'460000',1,0,'2015-11-10 00:00:00',0,'2015-11-10 00:00:00'),(4101,'通什市','460001',3,'460000',1,0,'2015-11-10 00:00:00',0,'2015-11-10 00:00:00'),(4102,'琼海市','460002',3,'460000',1,0,'2015-11-10 00:00:00',0,'2015-11-10 00:00:00'),(4103,'儋州市','460003',3,'460000',1,0,'2015-11-10 00:00:00',0,'2015-11-10 00:00:00'),(4104,'琼山市','460004',3,'460000',1,0,'2015-11-10 00:00:00',0,'2015-11-10 00:00:00'),(4105,'文昌市','460005',3,'460000',1,0,'2015-11-10 00:00:00',0,'2015-11-10 00:00:00'),(4106,'万宁市','460006',3,'460000',1,0,'2015-11-10 00:00:00',0,'2015-11-10 00:00:00'),(4107,'东方市','460007',3,'460000',1,0,'2015-11-10 00:00:00',0,'2015-11-10 00:00:00'),(4108,'琼山县','460021',3,'460000',1,0,'2015-11-10 00:00:00',0,'2015-11-10 00:00:00'),(4109,'文昌县','460022',3,'460000',1,0,'2015-11-10 00:00:00',0,'2015-11-10 00:00:00'),(4110,'琼海县','460023',3,'460000',1,0,'2015-11-10 00:00:00',0,'2015-11-10 00:00:00'),(4111,'万宁县','460024',3,'460000',1,0,'2015-11-10 00:00:00',0,'2015-11-10 00:00:00'),(4112,'定安县','460025',3,'460000',1,0,'2015-11-10 00:00:00',0,'2015-11-10 00:00:00'),(4113,'屯昌县','460026',3,'460000',1,0,'2015-11-10 00:00:00',0,'2015-11-10 00:00:00'),(4114,'澄迈县','460027',3,'460000',1,0,'2015-11-10 00:00:00',0,'2015-11-10 00:00:00'),(4115,'临高县','460028',3,'460000',1,0,'2015-11-10 00:00:00',0,'2015-11-10 00:00:00'),(4116,'儋县','460029',3,'460000',1,0,'2015-11-10 00:00:00',0,'2015-11-10 00:00:00'),(4117,'白沙黎族自治县','460030',3,'460000',1,0,'2015-11-10 00:00:00',0,'2015-11-10 00:00:00'),(4118,'昌江黎族自治县','460031',3,'460000',1,0,'2015-11-10 00:00:00',0,'2015-11-10 00:00:00'),(4119,'东方黎族自治县','460032',3,'460000',1,0,'2015-11-10 00:00:00',0,'2015-11-10 00:00:00'),(4120,'乐东黎族自治县','460033',3,'460000',1,0,'2015-11-10 00:00:00',0,'2015-11-10 00:00:00'),(4121,'陵水黎族自治县','460034',3,'460000',1,0,'2015-11-10 00:00:00',0,'2015-11-10 00:00:00'),(4122,'保亭黎族苗族自治县','460035',3,'460000',1,0,'2015-11-10 00:00:00',0,'2015-11-10 00:00:00'),(4123,'琼中黎族苗族自治县','460036',3,'460000',1,0,'2015-11-10 00:00:00',0,'2015-11-10 00:00:00'),(4124,'西沙群岛','460037',3,'460000',1,0,'2015-11-10 00:00:00',0,'2015-11-10 00:00:00'),(4125,'南沙群岛','460038',3,'460000',1,0,'2015-11-10 00:00:00',0,'2015-11-10 00:00:00'),(4126,'中沙群岛的岛礁及其海域','460039',3,'460000',1,0,'2015-11-10 00:00:00',0,'2015-11-10 00:00:00'),(4127,'五指山市','469001',3,'460000',1,0,'2015-11-10 00:00:00',0,'2015-11-10 00:00:00'),(4128,'琼海市','469002',3,'460000',1,0,'2015-11-10 00:00:00',0,'2015-11-10 00:00:00'),(4129,'儋州市','469003',3,'460000',1,0,'2015-11-10 00:00:00',0,'2015-11-10 00:00:00'),(4130,'文昌市','469005',3,'460000',1,0,'2015-11-10 00:00:00',0,'2015-11-10 00:00:00'),(4131,'万宁市','469006',3,'460000',1,0,'2015-11-10 00:00:00',0,'2015-11-10 00:00:00'),(4132,'东方市','469007',3,'460000',1,0,'2015-11-10 00:00:00',0,'2015-11-10 00:00:00'),(4133,'定安县','469025',3,'460000',1,0,'2015-11-10 00:00:00',0,'2015-11-10 00:00:00'),(4134,'屯昌县','469026',3,'460000',1,0,'2015-11-10 00:00:00',0,'2015-11-10 00:00:00'),(4135,'澄迈县','469027',3,'460000',1,0,'2015-11-10 00:00:00',0,'2015-11-10 00:00:00'),(4136,'临高县','469028',3,'460000',1,0,'2015-11-10 00:00:00',0,'2015-11-10 00:00:00'),(4137,'白沙黎族自治县','469030',3,'460000',1,0,'2015-11-10 00:00:00',0,'2015-11-10 00:00:00'),(4138,'昌江黎族自治县','469031',3,'460000',1,0,'2015-11-10 00:00:00',0,'2015-11-10 00:00:00'),(4139,'乐东黎族自治县','469033 ',3,'460000',1,0,'2015-11-10 00:00:00',0,'2015-11-10 00:00:00'),(4144,'市','500300',3,'500000',1,0,'2015-11-10 00:00:00',0,'2015-11-10 00:00:00'),(4145,'万州区','500101',3,'500000',1,0,'2015-11-10 00:00:00',0,'2015-11-10 00:00:00'),(4146,'涪陵区','500102',3,'500000',1,0,'2015-11-10 00:00:00',0,'2015-11-10 00:00:00'),(4147,'渝中区','500103',3,'500000',1,0,'2015-11-10 00:00:00',0,'2015-11-10 00:00:00'),(4148,'大渡口区','500104',3,'500000',1,0,'2015-11-10 00:00:00',0,'2015-11-10 00:00:00'),(4149,'江北区','500105',3,'500000',1,0,'2015-11-10 00:00:00',0,'2015-11-10 00:00:00'),(4150,'沙坪坝区','500106',3,'500000',1,0,'2015-11-10 00:00:00',0,'2015-11-10 00:00:00'),(4151,'九龙坡区','500107',3,'500000',1,0,'2015-11-10 00:00:00',0,'2015-11-10 00:00:00'),(4152,'南岸区','500108',3,'500000',1,0,'2015-11-10 00:00:00',0,'2015-11-10 00:00:00'),(4153,'北碚区','500109',3,'500000',1,0,'2015-11-10 00:00:00',0,'2015-11-10 00:00:00'),(4154,'万盛区','500110',3,'500000',1,0,'2015-11-10 00:00:00',0,'2015-11-10 00:00:00'),(4155,'双桥区','500111',3,'500000',1,0,'2015-11-10 00:00:00',0,'2015-11-10 00:00:00'),(4156,'渝北区','500112',3,'500000',1,0,'2015-11-10 00:00:00',0,'2015-11-10 00:00:00'),(4157,'巴南区','500113',3,'500000',1,0,'2015-11-10 00:00:00',0,'2015-11-10 00:00:00'),(4158,'黔江区','500114',3,'500000',1,0,'2015-11-10 00:00:00',0,'2015-11-10 00:00:00'),(4159,'长寿区','500115',3,'500000',1,0,'2015-11-10 00:00:00',0,'2015-11-10 00:00:00'),(4160,'渝中区','500201',3,'500000',1,0,'2015-11-10 00:00:00',0,'2015-11-10 00:00:00'),(4161,'江北区','500211',3,'500000',1,0,'2015-11-10 00:00:00',0,'2015-11-10 00:00:00'),(4162,'沙坪坝区','500212',3,'500000',1,0,'2015-11-10 00:00:00',0,'2015-11-10 00:00:00'),(4163,'九龙坡区','500213',3,'500000',1,0,'2015-11-10 00:00:00',0,'2015-11-10 00:00:00'),(4164,'南岸区','500214',3,'500000',1,0,'2015-11-10 00:00:00',0,'2015-11-10 00:00:00'),(4165,'北碚区','500215',3,'500000',1,0,'2015-11-10 00:00:00',0,'2015-11-10 00:00:00'),(4166,'万盛区','500216',3,'500000',1,0,'2015-11-10 00:00:00',0,'2015-11-10 00:00:00'),(4167,'双桥区','500217',3,'500000',1,0,'2015-11-10 00:00:00',0,'2015-11-10 00:00:00'),(4168,'长寿县','500221',3,'500000',1,0,'2015-11-10 00:00:00',0,'2015-11-10 00:00:00'),(4169,'綦江县','500222',3,'500000',1,0,'2015-11-10 00:00:00',0,'2015-11-10 00:00:00'),(4170,'潼南县','500223',3,'500000',1,0,'2015-11-10 00:00:00',0,'2015-11-10 00:00:00'),(4171,'铜梁县','500224',3,'500000',1,0,'2015-11-10 00:00:00',0,'2015-11-10 00:00:00'),(4172,'大足县','500225',3,'500000',1,0,'2015-11-10 00:00:00',0,'2015-11-10 00:00:00'),(4173,'荣昌县','500226',3,'500000',1,0,'2015-11-10 00:00:00',0,'2015-11-10 00:00:00'),(4174,'璧山县','500227',3,'500000',1,0,'2015-11-10 00:00:00',0,'2015-11-10 00:00:00'),(4175,'梁平县','500228',3,'500000',1,0,'2015-11-10 00:00:00',0,'2015-11-10 00:00:00'),(4176,'城口县','500229',3,'500000',1,0,'2015-11-10 00:00:00',0,'2015-11-10 00:00:00'),(4177,'丰都县','500230',3,'500000',1,0,'2015-11-10 00:00:00',0,'2015-11-10 00:00:00'),(4178,'垫江县','500231',3,'500000',1,0,'2015-11-10 00:00:00',0,'2015-11-10 00:00:00'),(4179,'武隆县','500232',3,'500000',1,0,'2015-11-10 00:00:00',0,'2015-11-10 00:00:00'),(4180,'忠县','500233',3,'500000',1,0,'2015-11-10 00:00:00',0,'2015-11-10 00:00:00'),(4181,'开县','500234',3,'500000',1,0,'2015-11-10 00:00:00',0,'2015-11-10 00:00:00'),(4182,'云阳县','500235',3,'500000',1,0,'2015-11-10 00:00:00',0,'2015-11-10 00:00:00'),(4183,'奉节县','500236',3,'500000',1,0,'2015-11-10 00:00:00',0,'2015-11-10 00:00:00'),(4184,'巫山县','500237',3,'500000',1,0,'2015-11-10 00:00:00',0,'2015-11-10 00:00:00'),(4185,'巫溪县','500238',3,'500000',1,0,'2015-11-10 00:00:00',0,'2015-11-10 00:00:00'),(4186,'黔江土家族苗族自治县','500239',3,'500000',1,0,'2015-11-10 00:00:00',0,'2015-11-10 00:00:00'),(4187,'石柱土家族自治县','500240',3,'500000',1,0,'2015-11-10 00:00:00',0,'2015-11-10 00:00:00'),(4188,'秀山土家族苗族自治县','500241',3,'500000',1,0,'2015-11-10 00:00:00',0,'2015-11-10 00:00:00'),(4189,'酉阳土家族苗族自治县','500242',3,'500000',1,0,'2015-11-10 00:00:00',0,'2015-11-10 00:00:00'),(4190,'彭水苗族土家族自治县','500243 ',3,'500000',1,0,'2015-11-10 00:00:00',0,'2015-11-10 00:00:00'),(4552,'自贡市','510300',3,'510000',1,0,'2015-11-10 00:00:00',0,'2015-11-10 00:00:00'),(4553,'攀枝花市','510400',3,'510000',1,0,'2015-11-10 00:00:00',0,'2015-11-10 00:00:00'),(4554,'泸州市','510500',3,'510000',1,0,'2015-11-10 00:00:00',0,'2015-11-10 00:00:00'),(4555,'德阳市','510600',3,'510000',1,0,'2015-11-10 00:00:00',0,'2015-11-10 00:00:00'),(4556,'绵阳市','510700',3,'510000',1,0,'2015-11-10 00:00:00',0,'2015-11-10 00:00:00'),(4557,'广元市','510800',3,'510000',1,0,'2015-11-10 00:00:00',0,'2015-11-10 00:00:00'),(4558,'遂宁市','510900',3,'510000',1,0,'2015-11-10 00:00:00',0,'2015-11-10 00:00:00'),(4559,'内江市','511000',3,'510000',1,0,'2015-11-10 00:00:00',0,'2015-11-10 00:00:00'),(4560,'万县地区','512200',3,'510000',1,0,'2015-11-10 00:00:00',0,'2015-11-10 00:00:00'),(4561,'涪陵地区','512300',3,'510000',1,0,'2015-11-10 00:00:00',0,'2015-11-10 00:00:00'),(4562,'宜宾地区','512500',3,'510000',1,0,'2015-11-10 00:00:00',0,'2015-11-10 00:00:00'),(4563,'南充地区','512900',3,'510000',1,0,'2015-11-10 00:00:00',0,'2015-11-10 00:00:00'),(4564,'达川地区','513000',3,'510000',1,0,'2015-11-10 00:00:00',0,'2015-11-10 00:00:00'),(4565,'雅安地区','513100',3,'510000',1,0,'2015-11-10 00:00:00',0,'2015-11-10 00:00:00'),(4566,'阿坝藏族羌族自治州','513200',3,'510000',1,0,'2015-11-10 00:00:00',0,'2015-11-10 00:00:00'),(4567,'甘孜藏族自治州','513300',3,'510000',1,0,'2015-11-10 00:00:00',0,'2015-11-10 00:00:00'),(4568,'凉山彝族自治州','513400',3,'510000',1,0,'2015-11-10 00:00:00',0,'2015-11-10 00:00:00'),(4569,'成都市','510100',3,'510000',1,0,'2015-11-10 00:00:00',0,'2015-11-10 00:00:00'),(4570,'重庆市','510200',3,'510000',1,0,'2015-11-10 00:00:00',0,'2015-11-10 00:00:00'),(4571,'乐山市','511100',3,'510000',1,0,'2015-11-10 00:00:00',0,'2015-11-10 00:00:00'),(4572,'万县市','511200',3,'510000',1,0,'2015-11-10 00:00:00',0,'2015-11-10 00:00:00'),(4573,'南充市','511300',3,'510000',1,0,'2015-11-10 00:00:00',0,'2015-11-10 00:00:00'),(4574,'眉山市','511400',3,'510000',1,0,'2015-11-10 00:00:00',0,'2015-11-10 00:00:00'),(4575,'宜宾市','511500',3,'510000',1,0,'2015-11-10 00:00:00',0,'2015-11-10 00:00:00'),(4576,'广安市','511600',3,'510000',1,0,'2015-11-10 00:00:00',0,'2015-11-10 00:00:00'),(4577,'达州市','511700',3,'510000',1,0,'2015-11-10 00:00:00',0,'2015-11-10 00:00:00'),(4578,'雅安市','511800',3,'510000',1,0,'2015-11-10 00:00:00',0,'2015-11-10 00:00:00'),(4579,'巴中市','511900',3,'510000',1,0,'2015-11-10 00:00:00',0,'2015-11-10 00:00:00'),(4580,'资阳市','512000',3,'510000',1,0,'2015-11-10 00:00:00',0,'2015-11-10 00:00:00'),(4581,'黔江地区','513500',3,'510000',1,0,'2015-11-10 00:00:00',0,'2015-11-10 00:00:00'),(4582,'广安市','513600',3,'510000',1,0,'2015-11-10 00:00:00',0,'2015-11-10 00:00:00'),(4583,'巴中地区','513700',3,'510000',1,0,'2015-11-10 00:00:00',0,'2015-11-10 00:00:00'),(4584,'眉山地区','513800',3,'510000',1,0,'2015-11-10 00:00:00',0,'2015-11-10 00:00:00'),(4585,'资阳地区','513900',3,'510000',1,0,'2015-11-10 00:00:00',0,'2015-11-10 00:00:00'),(4586,'广汉市','519001',3,'510000',1,0,'2015-11-10 00:00:00',0,'2015-11-10 00:00:00'),(4587,'江油市','519002',3,'510000',1,0,'2015-11-10 00:00:00',0,'2015-11-10 00:00:00'),(4588,'都江堰市','519003',3,'510000',1,0,'2015-11-10 00:00:00',0,'2015-11-10 00:00:00'),(4589,'峨眉山市','519004 ',3,'510000',1,0,'2015-11-10 00:00:00',0,'2015-11-10 00:00:00'),(4714,'贵阳市','520100',3,'520000',1,0,'2015-11-10 00:00:00',0,'2015-11-10 00:00:00'),(4715,'六盘水市','520200',3,'520000',1,0,'2015-11-10 00:00:00',0,'2015-11-10 00:00:00'),(4716,'遵义市','520300',3,'520000',1,0,'2015-11-10 00:00:00',0,'2015-11-10 00:00:00'),(4717,'安顺市','520400',3,'520000',1,0,'2015-11-10 00:00:00',0,'2015-11-10 00:00:00'),(4718,'遵义地区','522100',3,'520000',1,0,'2015-11-10 00:00:00',0,'2015-11-10 00:00:00'),(4719,'铜仁地区','522200',3,'520000',1,0,'2015-11-10 00:00:00',0,'2015-11-10 00:00:00'),(4720,'黔西南布依族苗族自治州','522300',3,'520000',1,0,'2015-11-10 00:00:00',0,'2015-11-10 00:00:00'),(4721,'毕节地区','522400',3,'520000',1,0,'2015-11-10 00:00:00',0,'2015-11-10 00:00:00'),(4722,'安顺地区','522500',3,'520000',1,0,'2015-11-10 00:00:00',0,'2015-11-10 00:00:00'),(4723,'黔东南苗族侗族自治州','522600',3,'520000',1,0,'2015-11-10 00:00:00',0,'2015-11-10 00:00:00'),(4724,'黔南布依族苗族自治州','522700 ',3,'520000',1,0,'2015-11-10 00:00:00',0,'2015-11-10 00:00:00'),(4932,'昭通市','530600',3,'530000',1,0,'2015-11-10 00:00:00',0,'2015-11-10 00:00:00'),(4933,'丽江市','530700',3,'530000',1,0,'2015-11-10 00:00:00',0,'2015-11-10 00:00:00'),(4934,'思茅市','530800',3,'530000',1,0,'2015-11-10 00:00:00',0,'2015-11-10 00:00:00'),(4935,'临沧市','530900',3,'530000',1,0,'2015-11-10 00:00:00',0,'2015-11-10 00:00:00'),(4936,'昭通地区','532100',3,'530000',1,0,'2015-11-10 00:00:00',0,'2015-11-10 00:00:00'),(4937,'曲靖地区','532200',3,'530000',1,0,'2015-11-10 00:00:00',0,'2015-11-10 00:00:00'),(4938,'楚雄彝族自治州','532300',3,'530000',1,0,'2015-11-10 00:00:00',0,'2015-11-10 00:00:00'),(4939,'保山地区','533000',3,'530000',1,0,'2015-11-10 00:00:00',0,'2015-11-10 00:00:00'),(4940,'德宏傣族景颇族自治州','533100',3,'530000',1,0,'2015-11-10 00:00:00',0,'2015-11-10 00:00:00'),(4941,'丽江地区','533200',3,'530000',1,0,'2015-11-10 00:00:00',0,'2015-11-10 00:00:00'),(4942,'怒江傈僳族自治州','533300',3,'530000',1,0,'2015-11-10 00:00:00',0,'2015-11-10 00:00:00'),(4943,'昆明市','530100',3,'530000',1,0,'2015-11-10 00:00:00',0,'2015-11-10 00:00:00'),(4944,'曲靖市','530300',3,'530000',1,0,'2015-11-10 00:00:00',0,'2015-11-10 00:00:00'),(4945,'玉溪市','530400',3,'530000',1,0,'2015-11-10 00:00:00',0,'2015-11-10 00:00:00'),(4946,'保山市','530500',3,'530000',1,0,'2015-11-10 00:00:00',0,'2015-11-10 00:00:00'),(4947,'玉溪地区','532400',3,'530000',1,0,'2015-11-10 00:00:00',0,'2015-11-10 00:00:00'),(4948,'红河哈尼族彝族自治州','532500',3,'530000',1,0,'2015-11-10 00:00:00',0,'2015-11-10 00:00:00'),(4949,'文山壮族苗族自治州','532600',3,'530000',1,0,'2015-11-10 00:00:00',0,'2015-11-10 00:00:00'),(4950,'思茅地区','532700',3,'530000',1,0,'2015-11-10 00:00:00',0,'2015-11-10 00:00:00'),(4951,'西双版纳傣族自治州','532800',3,'530000',1,0,'2015-11-10 00:00:00',0,'2015-11-10 00:00:00'),(4952,'大理白族自治州','532900',3,'530000',1,0,'2015-11-10 00:00:00',0,'2015-11-10 00:00:00'),(4953,'迪庆藏族自治州','533400',3,'530000',1,0,'2015-11-10 00:00:00',0,'2015-11-10 00:00:00'),(4954,'临沧地区','533500 ',3,'530000',1,0,'2015-11-10 00:00:00',0,'2015-11-10 00:00:00'),(5048,'山南地区','542200',3,'540000',1,0,'2015-11-10 00:00:00',0,'2015-11-10 00:00:00'),(5049,'日喀则地区','542300',3,'540000',1,0,'2015-11-10 00:00:00',0,'2015-11-10 00:00:00'),(5050,'那曲地区','542400',3,'540000',1,0,'2015-11-10 00:00:00',0,'2015-11-10 00:00:00'),(5051,'拉萨市','540100',3,'540000',1,0,'2015-11-10 00:00:00',0,'2015-11-10 00:00:00'),(5052,'昌都地区','542100',3,'540000',1,0,'2015-11-10 00:00:00',0,'2015-11-10 00:00:00'),(5053,'阿里地区','542500',3,'540000',1,0,'2015-11-10 00:00:00',0,'2015-11-10 00:00:00'),(5054,'林芝地区','542600',3,'540000',1,0,'2015-11-10 00:00:00',0,'2015-11-10 00:00:00'),(5055,'江孜地区','542700 ',3,'540000',1,0,'2015-11-10 00:00:00',0,'2015-11-10 00:00:00'),(5268,'西安市','610100',3,'610000',1,0,'2015-11-10 00:00:00',0,'2015-11-10 00:00:00'),(5269,'安康市','610900',3,'610000',1,0,'2015-11-10 00:00:00',0,'2015-11-10 00:00:00'),(5270,'商洛市','611000',3,'610000',1,0,'2015-11-10 00:00:00',0,'2015-11-10 00:00:00'),(5271,'渭南地区','612100',3,'610000',1,0,'2015-11-10 00:00:00',0,'2015-11-10 00:00:00'),(5272,'咸阳地区','612200',3,'610000',1,0,'2015-11-10 00:00:00',0,'2015-11-10 00:00:00'),(5273,'汉中地区','612300',3,'610000',1,0,'2015-11-10 00:00:00',0,'2015-11-10 00:00:00'),(5274,'安康地区','612400',3,'610000',1,0,'2015-11-10 00:00:00',0,'2015-11-10 00:00:00'),(5275,'铜川市','610200',3,'610000',1,0,'2015-11-10 00:00:00',0,'2015-11-10 00:00:00'),(5276,'宝鸡市','610300',3,'610000',1,0,'2015-11-10 00:00:00',0,'2015-11-10 00:00:00'),(5277,'咸阳市','610400',3,'610000',1,0,'2015-11-10 00:00:00',0,'2015-11-10 00:00:00'),(5278,'渭南市','610500',3,'610000',1,0,'2015-11-10 00:00:00',0,'2015-11-10 00:00:00'),(5279,'延安市','610600',3,'610000',1,0,'2015-11-10 00:00:00',0,'2015-11-10 00:00:00'),(5280,'汉中市','610700',3,'610000',1,0,'2015-11-10 00:00:00',0,'2015-11-10 00:00:00'),(5281,'榆林市','610800',3,'610000',1,0,'2015-11-10 00:00:00',0,'2015-11-10 00:00:00'),(5282,'商洛地区','612500',3,'610000',1,0,'2015-11-10 00:00:00',0,'2015-11-10 00:00:00'),(5283,'延安地区','612600',3,'610000',1,0,'2015-11-10 00:00:00',0,'2015-11-10 00:00:00'),(5284,'榆林地区','612700 ',3,'610000',1,0,'2015-11-10 00:00:00',0,'2015-11-10 00:00:00'),(5435,'平凉市','620800',3,'620000',1,0,'2015-11-10 00:00:00',0,'2015-11-10 00:00:00'),(5436,'酒泉市','620900',3,'620000',1,0,'2015-11-10 00:00:00',0,'2015-11-10 00:00:00'),(5437,'庆阳市','621000',3,'620000',1,0,'2015-11-10 00:00:00',0,'2015-11-10 00:00:00'),(5438,'定西市','621100',3,'620000',1,0,'2015-11-10 00:00:00',0,'2015-11-10 00:00:00'),(5439,'陇南市','621200',3,'620000',1,0,'2015-11-10 00:00:00',0,'2015-11-10 00:00:00'),(5440,'酒泉地区','622100',3,'620000',1,0,'2015-11-10 00:00:00',0,'2015-11-10 00:00:00'),(5441,'张掖地区','622200',3,'620000',1,0,'2015-11-10 00:00:00',0,'2015-11-10 00:00:00'),(5442,'武威地区','622300',3,'620000',1,0,'2015-11-10 00:00:00',0,'2015-11-10 00:00:00'),(5443,'定西地区','622400',3,'620000',1,0,'2015-11-10 00:00:00',0,'2015-11-10 00:00:00'),(5444,'陇南地区','622600',3,'620000',1,0,'2015-11-10 00:00:00',0,'2015-11-10 00:00:00'),(5445,'平凉地区','622700',3,'620000',1,0,'2015-11-10 00:00:00',0,'2015-11-10 00:00:00'),(5446,'庆阳地区','622800',3,'620000',1,0,'2015-11-10 00:00:00',0,'2015-11-10 00:00:00'),(5447,'临夏回族自治州','622900',3,'620000',1,0,'2015-11-10 00:00:00',0,'2015-11-10 00:00:00'),(5448,'甘南藏族自治州','623000',3,'620000',1,0,'2015-11-10 00:00:00',0,'2015-11-10 00:00:00'),(5449,'兰州市','620100',3,'620000',1,0,'2015-11-10 00:00:00',0,'2015-11-10 00:00:00'),(5450,'嘉峪关市','620200',3,'620000',1,0,'2015-11-10 00:00:00',0,'2015-11-10 00:00:00'),(5451,'金昌市','620300',3,'620000',1,0,'2015-11-10 00:00:00',0,'2015-11-10 00:00:00'),(5452,'白银市','620400',3,'620000',1,0,'2015-11-10 00:00:00',0,'2015-11-10 00:00:00'),(5453,'天水市','620500',3,'620000',1,0,'2015-11-10 00:00:00',0,'2015-11-10 00:00:00'),(5454,'武威市','620600',3,'620000',1,0,'2015-11-10 00:00:00',0,'2015-11-10 00:00:00'),(5455,'张掖市','620700 ',3,'620000',1,0,'2015-11-10 00:00:00',0,'2015-11-10 00:00:00'),(5506,'西宁市','630100',3,'630000',1,0,'2015-11-10 00:00:00',0,'2015-11-10 00:00:00'),(5507,'海南藏族自治州','632500',3,'630000',1,0,'2015-11-10 00:00:00',0,'2015-11-10 00:00:00'),(5508,'果洛藏族自治州','632600',3,'630000',1,0,'2015-11-10 00:00:00',0,'2015-11-10 00:00:00'),(5509,'玉树藏族自治州','632700',3,'630000',1,0,'2015-11-10 00:00:00',0,'2015-11-10 00:00:00'),(5510,'海西蒙古族藏族自治州','632800',3,'630000',1,0,'2015-11-10 00:00:00',0,'2015-11-10 00:00:00'),(5511,'海东地区','632100',3,'630000',1,0,'2015-11-10 00:00:00',0,'2015-11-10 00:00:00'),(5512,'海北藏族自治州','632200',3,'630000',1,0,'2015-11-10 00:00:00',0,'2015-11-10 00:00:00'),(5513,'黄南藏族自治州','632300 ',3,'630000',1,0,'2015-11-10 00:00:00',0,'2015-11-10 00:00:00'),(5569,'银川市','640100',3,'640000',1,0,'2015-11-10 00:00:00',0,'2015-11-10 00:00:00'),(5570,'石嘴山市','640200',3,'640000',1,0,'2015-11-10 00:00:00',0,'2015-11-10 00:00:00'),(5571,'吴忠市','640300',3,'640000',1,0,'2015-11-10 00:00:00',0,'2015-11-10 00:00:00'),(5572,'固原市','640400',3,'640000',1,0,'2015-11-10 00:00:00',0,'2015-11-10 00:00:00'),(5573,'中卫市','640500',3,'640000',1,0,'2015-11-10 00:00:00',0,'2015-11-10 00:00:00'),(5574,'吴忠市','642100',3,'640000',1,0,'2015-11-10 00:00:00',0,'2015-11-10 00:00:00'),(5575,'固原地区','642200 ',3,'640000',1,0,'2015-11-10 00:00:00',0,'2015-11-10 00:00:00'),(5718,'乌鲁木齐市','650100',3,'650000',1,0,'2015-11-10 00:00:00',0,'2015-11-10 00:00:00'),(5719,'克拉玛依市','650200',3,'650000',1,0,'2015-11-10 00:00:00',0,'2015-11-10 00:00:00'),(5720,'吐鲁番地区','652100',3,'650000',1,0,'2015-11-10 00:00:00',0,'2015-11-10 00:00:00'),(5721,'哈密地区','652200',3,'650000',1,0,'2015-11-10 00:00:00',0,'2015-11-10 00:00:00'),(5722,'昌吉回族自治州','652300',3,'650000',1,0,'2015-11-10 00:00:00',0,'2015-11-10 00:00:00'),(5723,'伊犁哈萨克自治州','652400',3,'650000',1,0,'2015-11-10 00:00:00',0,'2015-11-10 00:00:00'),(5724,'塔城地区','652500',3,'650000',1,0,'2015-11-10 00:00:00',0,'2015-11-10 00:00:00'),(5725,'阿勒泰地区','652600',3,'650000',1,0,'2015-11-10 00:00:00',0,'2015-11-10 00:00:00'),(5726,'阿勒泰地区','654300',3,'650000',1,0,'2015-11-10 00:00:00',0,'2015-11-10 00:00:00'),(5727,'省直辖行政单位','659000',3,'650000',1,0,'2015-11-10 00:00:00',0,'2015-11-10 00:00:00'),(5728,'博尔塔拉蒙古自治州','652700',3,'650000',1,0,'2015-11-10 00:00:00',0,'2015-11-10 00:00:00'),(5729,'巴音郭楞蒙古自治州','652800',3,'650000',1,0,'2015-11-10 00:00:00',0,'2015-11-10 00:00:00'),(5730,'阿克苏地区','652900',3,'650000',1,0,'2015-11-10 00:00:00',0,'2015-11-10 00:00:00'),(5731,'克孜勒苏柯尔克孜自治州','653000',3,'650000',1,0,'2015-11-10 00:00:00',0,'2015-11-10 00:00:00'),(5732,'喀什地区','653100',3,'650000',1,0,'2015-11-10 00:00:00',0,'2015-11-10 00:00:00'),(5733,'和田地区','653200',3,'650000',1,0,'2015-11-10 00:00:00',0,'2015-11-10 00:00:00'),(5734,'伊犁哈萨克自治州','654000',3,'650000',1,0,'2015-11-10 00:00:00',0,'2015-11-10 00:00:00'),(5735,'伊犁地区','654100',3,'650000',1,0,'2015-11-10 00:00:00',0,'2015-11-10 00:00:00'),(5736,'塔城地区','654200',3,'650000',1,0,'2015-11-10 00:00:00',0,'2015-11-10 00:00:00'),(7154,'太原市','140100',3,'140000',1,0,'2015-11-10 00:00:00',0,'2015-11-10 00:00:00'),(7155,'大同市','140200',3,'140000',1,0,'2015-11-10 00:00:00',0,'2015-11-10 00:00:00'),(7156,'阳泉市','140300',3,'140000',1,0,'2015-11-10 00:00:00',0,'2015-11-10 00:00:00'),(7157,'长治市','140400',3,'140000',1,0,'2015-11-10 00:00:00',0,'2015-11-10 00:00:00'),(7158,'晋城市','140500',3,'140000',1,0,'2015-11-10 00:00:00',0,'2015-11-10 00:00:00'),(7159,'朔州市','140600',3,'140000',1,0,'2015-11-10 00:00:00',0,'2015-11-10 00:00:00'),(7160,'晋中市','140700',3,'140000',1,0,'2015-11-10 00:00:00',0,'2015-11-10 00:00:00'),(7161,'运城市','140800',3,'140000',1,0,'2015-11-10 00:00:00',0,'2015-11-10 00:00:00'),(7162,'忻州市','140900',3,'140000',1,0,'2015-11-10 00:00:00',0,'2015-11-10 00:00:00'),(7163,'临汾市','141000',3,'140000',1,0,'2015-11-10 00:00:00',0,'2015-11-10 00:00:00'),(7164,'吕梁市','141100',3,'140000',1,0,'2015-11-10 00:00:00',0,'2015-11-10 00:00:00'),(7165,'雁北地区','142100',3,'140000',1,0,'2015-11-10 00:00:00',0,'2015-11-10 00:00:00'),(7166,'忻州地区','142200',3,'140000',1,0,'2015-11-10 00:00:00',0,'2015-11-10 00:00:00'),(7167,'吕梁地区','142300',3,'140000',1,0,'2015-11-10 00:00:00',0,'2015-11-10 00:00:00'),(7168,'晋中地区','142400',3,'140000',1,0,'2015-11-10 00:00:00',0,'2015-11-10 00:00:00'),(7169,'临汾地区','142600',3,'140000',1,0,'2015-11-10 00:00:00',0,'2015-11-10 00:00:00'),(7170,'运城地区','142700',3,'140000',1,0,'2015-11-10 00:00:00',0,'2015-11-10 00:00:00'),(7171,'古交市','149001 ',3,'140000',1,0,'2015-11-10 00:00:00',0,'2015-11-10 00:00:00'),(7173,'台北市','710100',3,'710000',1,0,'2015-11-10 00:00:00',0,'2015-11-10 00:00:00'),(7174,'高雄市','710200',3,'710000',1,0,'2015-11-10 00:00:00',0,'2015-11-10 00:00:00'),(7175,'基隆市','710300',3,'710000',1,0,'2015-11-10 00:00:00',0,'2015-11-10 00:00:00'),(7176,'台中市','710400',3,'710000',1,0,'2015-11-10 00:00:00',0,'2015-11-10 00:00:00'),(7177,'台南市','710500',3,'710000',1,0,'2015-11-10 00:00:00',0,'2015-11-10 00:00:00'),(7178,'新竹市','710600',3,'710000',1,0,'2015-11-10 00:00:00',0,'2015-11-10 00:00:00'),(7179,'嘉义市','710700',3,'710000',1,0,'2015-11-10 00:00:00',0,'2015-11-10 00:00:00'),(7180,'香港岛','810100',3,'810000',1,0,'2015-11-10 00:00:00',0,'2015-11-10 00:00:00'),(7181,'九龙','810200',3,'810000',1,0,'2015-11-10 00:00:00',0,'2015-11-10 00:00:00'),(7182,'新界','810300',3,'810000',1,0,'2015-11-10 00:00:00',0,'2015-11-10 00:00:00'),(7183,'澳门半岛','820100',3,'820000',1,0,'2015-11-10 00:00:00',0,'2015-11-10 00:00:00'),(7184,'离岛','820200',3,'820000',1,0,'2015-11-10 00:00:00',0,'2015-11-10 00:00:00'),(7185,'新北市','710800',3,'710000',1,0,'2015-11-10 00:00:00',0,'2015-11-10 00:00:00'),(7186,'宜兰县','710901',3,'710000',1,0,'2015-11-10 00:00:00',0,'2015-11-10 00:00:00'),(7187,'桃园县','710902',3,'710000',1,0,'2015-11-10 00:00:00',0,'2015-11-10 00:00:00'),(7188,'新竹县','710903',3,'710000',1,0,'2015-11-10 00:00:00',0,'2015-11-10 00:00:00'),(7189,'苗栗县','710904',3,'710000',1,0,'2015-11-10 00:00:00',0,'2015-11-10 00:00:00'),(7190,'彰化县','710905',3,'710000',1,0,'2015-11-10 00:00:00',0,'2015-11-10 00:00:00'),(7191,'南投县','710906',3,'710000',1,0,'2015-11-10 00:00:00',0,'2015-11-10 00:00:00'),(7192,'云林县','710907',3,'710000',1,0,'2015-11-10 00:00:00',0,'2015-11-10 00:00:00'),(7193,'嘉义县','710908',3,'710000',1,0,'2015-11-10 00:00:00',0,'2015-11-10 00:00:00'),(7194,'屏东县','710909',3,'710000',1,0,'2015-11-10 00:00:00',0,'2015-11-10 00:00:00'),(7195,'台东县','710910',3,'710000',1,0,'2015-11-10 00:00:00',0,'2015-11-10 00:00:00'),(7196,'花莲县','710911',3,'710000',1,0,'2015-11-10 00:00:00',0,'2015-11-10 00:00:00'),(7197,'澎湖县','710912',3,'710000',1,0,'2015-11-10 00:00:00',0,'2015-11-10 00:00:00');
/*!40000 ALTER TABLE `region` ENABLE KEYS */;
UNLOCK TABLES;

--
-- Table structure for table `report`
--

DROP TABLE IF EXISTS `report`;
/*!40101 SET @saved_cs_client     = @@character_set_client */;
/*!40101 SET character_set_client = utf8 */;
CREATE TABLE `report` (
  `report_id` int(11) NOT NULL AUTO_INCREMENT,
  `tenant_id` int(11) DEFAULT NULL,
  `report_user_id` int(11) DEFAULT NULL,
  `report_state` int(11) DEFAULT NULL,
  `creator_id` int(11) DEFAULT NULL,
  `create_at` datetime DEFAULT NULL,
  `update_at` datetime DEFAULT NULL,
  `updater_id` int(11) DEFAULT NULL,
  PRIMARY KEY (`report_id`)
) ENGINE=InnoDB AUTO_INCREMENT=3 DEFAULT CHARSET=utf8;
/*!40101 SET character_set_client = @saved_cs_client */;

--
-- Dumping data for table `report`
--

LOCK TABLES `report` WRITE;
/*!40000 ALTER TABLE `report` DISABLE KEYS */;
INSERT INTO `report` VALUES (1,1,5,0,1,'2015-12-02 16:27:23','2015-12-02 16:27:23',1),(2,2,5,0,1,'2015-12-02 16:29:32','2015-12-02 16:29:32',1);
/*!40000 ALTER TABLE `report` ENABLE KEYS */;
UNLOCK TABLES;

--
-- Table structure for table `rule`
--

DROP TABLE IF EXISTS `rule`;
/*!40101 SET @saved_cs_client     = @@character_set_client */;
/*!40101 SET character_set_client = utf8 */;
CREATE TABLE `rule` (
  `rule_id` int(11) NOT NULL AUTO_INCREMENT,
  `menu_id` int(11) DEFAULT NULL,
  `user_id` int(11) DEFAULT NULL,
  `state` int(11) DEFAULT NULL,
  `creator_id` int(11) DEFAULT NULL,
  `create_at` datetime DEFAULT NULL,
  `updater_id` int(11) DEFAULT NULL,
  `update_at` datetime DEFAULT NULL,
  PRIMARY KEY (`rule_id`)
) ENGINE=InnoDB AUTO_INCREMENT=10 DEFAULT CHARSET=utf8;
/*!40101 SET character_set_client = @saved_cs_client */;

--
-- Dumping data for table `rule`
--

LOCK TABLES `rule` WRITE;
/*!40000 ALTER TABLE `rule` DISABLE KEYS */;
INSERT INTO `rule` VALUES (1,1,1,1,1,NULL,1,NULL),(2,2,1,1,1,NULL,1,NULL),(3,3,1,1,1,NULL,1,NULL),(4,4,1,1,1,NULL,1,NULL),(5,5,1,1,1,NULL,1,NULL),(6,6,1,1,1,NULL,1,NULL),(7,7,1,1,1,NULL,1,NULL),(8,8,1,1,1,NULL,1,NULL),(9,9,1,1,1,NULL,1,NULL);
/*!40000 ALTER TABLE `rule` ENABLE KEYS */;
UNLOCK TABLES;

--
-- Table structure for table `seller`
--

DROP TABLE IF EXISTS `seller`;
/*!40101 SET @saved_cs_client     = @@character_set_client */;
/*!40101 SET character_set_client = utf8 */;
CREATE TABLE `seller` (
  `seller_id` int(11) NOT NULL AUTO_INCREMENT,
  `user_id` int(11) DEFAULT NULL,
  `org_id` int(11) DEFAULT NULL,
  `content_id` int(11) DEFAULT NULL,
  `content_type` varchar(11) DEFAULT NULL,
  `seller_level` int(11) DEFAULT NULL,
  `state` int(11) DEFAULT NULL,
  `creator_id` int(11) DEFAULT NULL,
  `create_at` datetime DEFAULT NULL,
  `updater_id` int(11) DEFAULT NULL,
  `update_at` datetime DEFAULT NULL,
  PRIMARY KEY (`seller_id`),
  KEY `fk_sell_user_idx` (`user_id`),
  KEY `fk_sell_tenant_idx` (`content_id`),
  KEY `fk_sell_org_idx` (`org_id`)
) ENGINE=InnoDB AUTO_INCREMENT=3 DEFAULT CHARSET=utf8;
/*!40101 SET character_set_client = @saved_cs_client */;

--
-- Dumping data for table `seller`
--

LOCK TABLES `seller` WRITE;
/*!40000 ALTER TABLE `seller` DISABLE KEYS */;
INSERT INTO `seller` VALUES (1,5,3,1,'Tenant',NULL,NULL,1,'2015-12-02 16:27:18',1,'2015-12-02 16:27:18'),(2,5,3,2,'Tenant',NULL,NULL,1,'2015-12-02 16:29:29',1,'2015-12-02 16:29:29');
/*!40000 ALTER TABLE `seller` ENABLE KEYS */;
UNLOCK TABLES;

--
-- Table structure for table `serve`
--

DROP TABLE IF EXISTS `serve`;
/*!40101 SET @saved_cs_client     = @@character_set_client */;
/*!40101 SET character_set_client = utf8 */;
CREATE TABLE `serve` (
  `service_id` int(11) NOT NULL AUTO_INCREMENT,
  `context_id` int(11) DEFAULT NULL,
  `start_time` datetime DEFAULT NULL,
  `end_time` datetime DEFAULT NULL,
  `context_type` varchar(20) DEFAULT NULL COMMENT 'tenant course class',
  `state` int(11) DEFAULT NULL,
  `expire_status` int(11) DEFAULT '10',
  `forever` int(11) DEFAULT NULL COMMENT '永久有效',
  `creator_id` int(11) DEFAULT NULL,
  `create_at` datetime DEFAULT NULL,
  `updater_id` int(11) DEFAULT NULL,
  `update_at` datetime DEFAULT NULL,
  `org_id` int(11) DEFAULT NULL,
  `tenant_id` int(11) DEFAULT NULL,
  `service_money` int(11) DEFAULT NULL,
  `service_type` int(11) DEFAULT NULL,
  PRIMARY KEY (`service_id`)
) ENGINE=InnoDB AUTO_INCREMENT=11 DEFAULT CHARSET=utf8;
/*!40101 SET character_set_client = @saved_cs_client */;

--
-- Dumping data for table `serve`
--

LOCK TABLES `serve` WRITE;
/*!40000 ALTER TABLE `serve` DISABLE KEYS */;
INSERT INTO `serve` VALUES (1,1,'2015-12-17 00:00:00',NULL,'Tenant',1,10,NULL,1,'2015-12-02 16:27:21',1,'2015-12-02 16:27:21',5,5,NULL,10),(2,2,'2015-12-02 00:00:00',NULL,'Tenant',1,10,NULL,1,'2015-12-02 16:29:31',1,'2015-12-02 16:29:31',5,5,NULL,30),(3,1,'2015-12-02 16:31:53','2016-01-21 00:00:00','Course',1,10,1,1,'2015-12-02 16:31:53',1,'2015-12-02 16:31:53',5,1,10000,10),(4,2,'2015-12-02 16:33:24','2016-02-17 00:00:00','Course',1,10,1,1,'2015-12-02 16:33:24',1,'2015-12-02 16:33:24',5,1,10000,20),(5,1,'2015-12-02 16:35:30','2015-12-02 16:35:30','Course',1,20,0,1,'2015-12-02 16:35:30',-2,'2015-12-02 16:36:00',5,2,0,10),(6,2,'2015-12-02 16:35:40','2015-12-02 16:35:40','Course',1,20,0,1,'2015-12-02 16:35:40',-2,'2015-12-02 16:36:01',5,2,0,20),(7,1,'2016-01-14 00:00:00','2016-02-19 00:00:00','Class',1,10,NULL,1,'2015-12-02 16:53:59',1,'2015-12-02 16:53:59',5,1,NULL,NULL),(8,2,'2015-12-01 00:00:00','2016-01-21 00:00:00','Class',1,10,NULL,1,'2015-12-02 17:11:09',1,'2015-12-02 17:11:09',5,1,NULL,NULL),(9,3,'2015-12-02 00:00:00','2015-12-26 00:00:00','Class',1,10,NULL,1,'2015-12-02 17:11:51',1,'2015-12-02 17:11:51',5,2,NULL,NULL),(10,4,'2015-12-02 00:00:00','2016-01-02 00:00:00','Class',1,10,NULL,1,'2015-12-02 17:12:24',1,'2015-12-02 17:12:24',5,2,NULL,NULL);
/*!40000 ALTER TABLE `serve` ENABLE KEYS */;
UNLOCK TABLES;

--
-- Table structure for table `serve_ticket`
--

DROP TABLE IF EXISTS `serve_ticket`;
/*!40101 SET @saved_cs_client     = @@character_set_client */;
/*!40101 SET character_set_client = utf8 */;
CREATE TABLE `serve_ticket` (
  `st_id` int(11) NOT NULL AUTO_INCREMENT,
  `service_id` int(11) DEFAULT NULL,
  `start_time` datetime DEFAULT NULL,
  `end_time` datetime DEFAULT NULL,
  `service_money` int(11) DEFAULT NULL,
  `creator_id` int(11) DEFAULT NULL,
  `create_at` datetime DEFAULT NULL,
  `update_id` int(11) DEFAULT NULL,
  `update_at` datetime DEFAULT NULL,
  PRIMARY KEY (`st_id`)
) ENGINE=InnoDB DEFAULT CHARSET=utf8;
/*!40101 SET character_set_client = @saved_cs_client */;

--
-- Dumping data for table `serve_ticket`
--

LOCK TABLES `serve_ticket` WRITE;
/*!40000 ALTER TABLE `serve_ticket` DISABLE KEYS */;
/*!40000 ALTER TABLE `serve_ticket` ENABLE KEYS */;
UNLOCK TABLES;

--
-- Table structure for table `spoc`
--

DROP TABLE IF EXISTS `spoc`;
/*!40101 SET @saved_cs_client     = @@character_set_client */;
/*!40101 SET character_set_client = utf8 */;
CREATE TABLE `spoc` (
  `spoc_id` int(11) NOT NULL AUTO_INCREMENT,
  `tenant_id` int(11) DEFAULT NULL,
  `spoc_state` int(11) DEFAULT NULL,
  `exec_user_id` int(11) DEFAULT NULL,
  `creator_id` int(11) DEFAULT NULL,
  `create_at` datetime DEFAULT NULL,
  `updater_id` int(11) DEFAULT NULL,
  `update_at` datetime DEFAULT NULL,
  PRIMARY KEY (`spoc_id`)
) ENGINE=InnoDB AUTO_INCREMENT=3 DEFAULT CHARSET=utf8;
/*!40101 SET character_set_client = @saved_cs_client */;

--
-- Dumping data for table `spoc`
--

LOCK TABLES `spoc` WRITE;
/*!40000 ALTER TABLE `spoc` DISABLE KEYS */;
INSERT INTO `spoc` VALUES (1,1,0,7,1,'2015-12-02 16:27:22',1,'2015-12-02 16:27:22'),(2,2,0,6,1,'2015-12-02 16:29:31',1,'2015-12-02 16:29:31');
/*!40000 ALTER TABLE `spoc` ENABLE KEYS */;
UNLOCK TABLES;

--
-- Table structure for table `statistics`
--

DROP TABLE IF EXISTS `statistics`;
/*!40101 SET @saved_cs_client     = @@character_set_client */;
/*!40101 SET character_set_client = utf8 */;
CREATE TABLE `statistics` (
  `id` int(11) NOT NULL AUTO_INCREMENT,
  `context_id` int(11) DEFAULT NULL,
  `type` varchar(255) DEFAULT NULL,
  `user_num` int(11) DEFAULT NULL,
  `active_num` int(11) DEFAULT NULL,
  `pv` int(20) DEFAULT NULL,
  `uv` int(11) DEFAULT NULL,
  `creater_id` int(11) DEFAULT NULL,
  `created_at` datetime DEFAULT NULL,
  PRIMARY KEY (`id`)
) ENGINE=InnoDB DEFAULT CHARSET=utf8;
/*!40101 SET character_set_client = @saved_cs_client */;

--
-- Dumping data for table `statistics`
--

LOCK TABLES `statistics` WRITE;
/*!40000 ALTER TABLE `statistics` DISABLE KEYS */;
/*!40000 ALTER TABLE `statistics` ENABLE KEYS */;
UNLOCK TABLES;

--
-- Table structure for table `tenant`
--

DROP TABLE IF EXISTS `tenant`;
/*!40101 SET @saved_cs_client     = @@character_set_client */;
/*!40101 SET character_set_client = utf8 */;
CREATE TABLE `tenant` (
  `tenant_id` int(11) NOT NULL AUTO_INCREMENT,
  `tenant_name` varchar(45) DEFAULT NULL,
  `org_id` int(11) DEFAULT NULL,
  `org_name` varchar(200) DEFAULT NULL,
  `platform_tenant_id` int(11) DEFAULT NULL,
  `current_status` int(2) DEFAULT NULL COMMENT '当前状态',
  `service_type` int(2) DEFAULT NULL COMMENT '当前阶段',
  `course_num` int(11) DEFAULT NULL,
  `domain` varchar(255) DEFAULT NULL,
  `state` int(11) DEFAULT NULL,
  `creator_id` int(11) DEFAULT NULL,
  `create_at` datetime DEFAULT NULL,
  `updater_id` int(11) DEFAULT NULL,
  `update_at` datetime DEFAULT NULL,
  `service_id` int(11) DEFAULT NULL,
  PRIMARY KEY (`tenant_id`),
  KEY `fk_tenant_org_idx` (`org_id`)
) ENGINE=InnoDB AUTO_INCREMENT=3 DEFAULT CHARSET=utf8;
/*!40101 SET character_set_client = @saved_cs_client */;

--
-- Dumping data for table `tenant`
--

LOCK TABLES `tenant` WRITE;
/*!40000 ALTER TABLE `tenant` DISABLE KEYS */;
INSERT INTO `tenant` VALUES (1,'北航租户1',5,'buaa',NULL,10,10,0,'buaa',1,1,'2015-12-02 16:27:16',1,'2015-12-02 16:27:16',NULL),(2,'北航租户2',5,'buaa2',NULL,20,30,0,'buaa2',1,1,'2015-12-02 16:29:27',1,'2015-12-02 16:29:27',NULL);
/*!40000 ALTER TABLE `tenant` ENABLE KEYS */;
UNLOCK TABLES;

--
-- Table structure for table `tenant_course_rp`
--

DROP TABLE IF EXISTS `tenant_course_rp`;
/*!40101 SET @saved_cs_client     = @@character_set_client */;
/*!40101 SET character_set_client = utf8 */;
CREATE TABLE `tenant_course_rp` (
  `tc_id` int(11) NOT NULL AUTO_INCREMENT,
  `tenant_id` int(11) DEFAULT NULL,
  `course_id` int(11) DEFAULT NULL,
  `start_time` datetime DEFAULT NULL,
  `end_time` datetime DEFAULT NULL,
  `is_owner` int(11) DEFAULT NULL,
  `state` int(2) DEFAULT NULL,
  `creator_id` int(11) DEFAULT NULL,
  `create_at` datetime DEFAULT NULL,
  `updater_id` int(11) DEFAULT NULL,
  `update_at` datetime DEFAULT NULL,
  `service_id` int(11) DEFAULT NULL,
  PRIMARY KEY (`tc_id`),
  UNIQUE KEY `tc_unque_index` (`tenant_id`,`course_id`) USING BTREE
) ENGINE=InnoDB AUTO_INCREMENT=5 DEFAULT CHARSET=utf8;
/*!40101 SET character_set_client = @saved_cs_client */;

--
-- Dumping data for table `tenant_course_rp`
--

LOCK TABLES `tenant_course_rp` WRITE;
/*!40000 ALTER TABLE `tenant_course_rp` DISABLE KEYS */;
INSERT INTO `tenant_course_rp` VALUES (1,1,1,NULL,'2015-12-02 16:31:51',1,1,1,'2015-12-02 16:31:51',1,'2015-12-02 16:31:51',NULL),(2,1,2,NULL,'2015-12-02 16:33:22',1,1,1,'2015-12-02 16:33:22',1,'2015-12-02 16:33:22',NULL),(3,2,1,NULL,NULL,0,1,1,'2015-12-02 16:35:29',1,'2015-12-02 16:35:29',NULL),(4,2,2,NULL,NULL,0,1,1,'2015-12-02 16:35:39',1,'2015-12-02 16:35:39',NULL);
/*!40000 ALTER TABLE `tenant_course_rp` ENABLE KEYS */;
UNLOCK TABLES;

--
-- Table structure for table `user`
--

DROP TABLE IF EXISTS `user`;
/*!40101 SET @saved_cs_client     = @@character_set_client */;
/*!40101 SET character_set_client = utf8 */;
CREATE TABLE `user` (
  `user_id` int(11) NOT NULL AUTO_INCREMENT,
  `user_name` varchar(45) DEFAULT NULL,
  `org_id` int(11) DEFAULT NULL,
  `mobile` varchar(20) DEFAULT NULL,
  `email` varchar(100) DEFAULT NULL,
  `gender` varchar(20) DEFAULT NULL,
  `state` int(11) DEFAULT NULL,
  `creator_id` int(11) DEFAULT NULL,
  `create_at` datetime DEFAULT NULL,
  `updater_id` int(11) DEFAULT NULL,
  `update_at` datetime DEFAULT NULL,
  `user_code` varchar(11) DEFAULT NULL,
  PRIMARY KEY (`user_id`),
  KEY `fk_user_org_idx` (`org_id`)
) ENGINE=InnoDB AUTO_INCREMENT=9 DEFAULT CHARSET=utf8;
/*!40101 SET character_set_client = @saved_cs_client */;

--
-- Dumping data for table `user`
--

LOCK TABLES `user` WRITE;
/*!40000 ALTER TABLE `user` DISABLE KEYS */;
INSERT INTO `user` VALUES (1,'god',1,'010110110','god@gxb.com','1',1,1,'2015-11-28 23:32:47',NULL,'2015-11-28 23:32:47',NULL),(2,'test-gxb',2,'010001001','gxb@gxb.com','1',1,1,'2015-12-02 16:10:56',1,'2015-12-02 16:10:56','001'),(3,'管理员',2,'01000000000','admin@gxb.com','1',1,1,'2015-12-02 16:11:40',1,'2015-12-02 16:11:40','gxb-admin'),(4,'超级管理员',2,'0100000000','super@gxb.com','1',1,1,'2015-12-02 16:19:20',1,'2015-12-02 16:19:20','gxb-boos'),(5,'王销售',3,'01000000','ws@gxb.com','1',1,1,'2015-12-02 16:22:35',1,'2015-12-02 16:22:35','gxb-xs-1'),(6,'张运维',4,'0100000000','yw1@gxb.com','1',1,1,'2015-12-02 16:23:22',1,'2015-12-02 16:23:22','gxb-yw-z'),(7,'李运营',6,'010000000','yl1@gxb.com','1',1,1,'2015-12-02 16:24:32',1,'2015-12-02 16:24:32','gxb-yl-li'),(8,'王老师',5,'010111111','zhang@163.com','1',1,1,'2015-12-02 16:25:39',1,'2015-12-02 16:25:39','tea1');
/*!40000 ALTER TABLE `user` ENABLE KEYS */;
UNLOCK TABLES;

--
-- Table structure for table `visit_record`
--

DROP TABLE IF EXISTS `visit_record`;
/*!40101 SET @saved_cs_client     = @@character_set_client */;
/*!40101 SET character_set_client = utf8 */;
CREATE TABLE `visit_record` (
  `visit_record_id` int(11) NOT NULL AUTO_INCREMENT,
  `visit_url` varchar(200) DEFAULT NULL,
  `user_id` int(11) DEFAULT NULL,
  `creator_id` int(11) DEFAULT NULL,
  `create_at` datetime DEFAULT NULL,
  `updater_id` int(11) DEFAULT NULL,
  `update_at` datetime DEFAULT NULL,
  PRIMARY KEY (`visit_record_id`)
) ENGINE=InnoDB AUTO_INCREMENT=342 DEFAULT CHARSET=utf8;
/*!40101 SET character_set_client = @saved_cs_client */;

--
-- Dumping data for table `visit_record`
--

LOCK TABLES `visit_record` WRITE;
/*!40000 ALTER TABLE `visit_record` DISABLE KEYS */;
INSERT INTO `visit_record` VALUES (1,'/login',NULL,NULL,'2015-12-02 14:12:29',NULL,'2015-12-02 14:12:29'),(2,'/login',NULL,NULL,'2015-12-02 14:12:30',NULL,'2015-12-02 14:12:30'),(3,'/login',NULL,NULL,'2015-12-02 14:12:43',NULL,'2015-12-02 14:12:43'),(4,'/main',1,1,'2015-12-02 14:12:43',1,'2015-12-02 14:12:43'),(5,'/permission/menu',1,1,'2015-12-02 14:12:44',1,'2015-12-02 14:12:44'),(6,'/permission',1,1,'2015-12-02 14:12:46',1,'2015-12-02 14:12:46'),(7,'/permission/menu',1,1,'2015-12-02 14:12:47',1,'2015-12-02 14:12:47'),(8,'/permission/user.ajax',1,1,'2015-12-02 14:12:47',1,'2015-12-02 14:12:47'),(9,'/class',1,1,'2015-12-02 14:12:47',1,'2015-12-02 14:12:47'),(10,'/class.ajax',1,1,'2015-12-02 14:12:48',1,'2015-12-02 14:12:48'),(11,'/permission/menu',1,1,'2015-12-02 14:12:48',1,'2015-12-02 14:12:48'),(12,'/permission',1,1,'2015-12-02 14:12:53',1,'2015-12-02 14:12:53'),(13,'/permission/menu',1,1,'2015-12-02 14:12:54',1,'2015-12-02 14:12:54'),(14,'/permission/user.ajax',1,1,'2015-12-02 14:12:54',1,'2015-12-02 14:12:54'),(15,'/permission',1,1,'2015-12-02 14:13:29',1,'2015-12-02 14:13:29'),(16,'/permission/menu',1,1,'2015-12-02 14:13:30',1,'2015-12-02 14:13:30'),(17,'/permission/user.ajax',1,1,'2015-12-02 14:13:30',1,'2015-12-02 14:13:30'),(18,'/org',1,1,'2015-12-02 14:13:32',1,'2015-12-02 14:13:32'),(19,'/permission/menu',1,1,'2015-12-02 14:13:33',1,'2015-12-02 14:13:33'),(20,'/org.ajax',1,1,'2015-12-02 14:13:33',1,'2015-12-02 14:13:33'),(21,'/org.ajax',1,1,'2015-12-02 14:13:34',1,'2015-12-02 14:13:34'),(22,'/org',1,1,'2015-12-02 14:17:03',1,'2015-12-02 14:17:03'),(23,'/org.ajax',1,1,'2015-12-02 14:17:03',1,'2015-12-02 14:17:03'),(24,'/permission/menu',1,1,'2015-12-02 14:17:03',1,'2015-12-02 14:17:03'),(25,'/org.ajax',1,1,'2015-12-02 14:17:06',1,'2015-12-02 14:17:06'),(26,'/org',1,1,'2015-12-02 14:19:34',1,'2015-12-02 14:19:34'),(27,'/permission/menu',1,1,'2015-12-02 14:19:34',1,'2015-12-02 14:19:34'),(28,'/org.ajax',1,1,'2015-12-02 14:19:34',1,'2015-12-02 14:19:34'),(29,'/org.ajax',1,1,'2015-12-02 14:19:36',1,'2015-12-02 14:19:36'),(30,'/org',1,1,'2015-12-02 14:19:58',1,'2015-12-02 14:19:58'),(31,'/org.ajax',1,1,'2015-12-02 14:19:58',1,'2015-12-02 14:19:58'),(32,'/login',NULL,NULL,'2015-12-02 15:37:01',NULL,'2015-12-02 15:37:01'),(33,'/login',NULL,NULL,'2015-12-02 15:37:17',NULL,'2015-12-02 15:37:17'),(34,'/main',1,1,'2015-12-02 15:37:17',1,'2015-12-02 15:37:17'),(35,'/permission/menu',1,1,'2015-12-02 15:37:18',1,'2015-12-02 15:37:18'),(36,'/org',1,1,'2015-12-02 15:37:21',1,'2015-12-02 15:37:21'),(37,'/permission/menu',1,1,'2015-12-02 15:37:22',1,'2015-12-02 15:37:22'),(38,'/org.ajax',1,1,'2015-12-02 15:37:22',1,'2015-12-02 15:37:22'),(39,'/org.ajax',1,1,'2015-12-02 15:37:24',1,'2015-12-02 15:37:24'),(40,'/org',1,1,'2015-12-02 15:38:05',1,'2015-12-02 15:38:05'),(41,'/org.ajax',1,1,'2015-12-02 15:38:05',1,'2015-12-02 15:38:05'),(42,'/login',NULL,NULL,'2015-12-02 15:46:01',NULL,'2015-12-02 15:46:01'),(43,'/login',NULL,NULL,'2015-12-02 15:46:01',NULL,'2015-12-02 15:46:01'),(44,'/login',NULL,NULL,'2015-12-02 15:46:05',NULL,'2015-12-02 15:46:05'),(45,'/main',1,1,'2015-12-02 15:46:06',1,'2015-12-02 15:46:06'),(46,'/permission/menu',1,1,'2015-12-02 15:46:07',1,'2015-12-02 15:46:07'),(47,'/org',1,1,'2015-12-02 15:46:11',1,'2015-12-02 15:46:11'),(48,'/permission/menu',1,1,'2015-12-02 15:46:13',1,'2015-12-02 15:46:13'),(49,'/org.ajax',1,1,'2015-12-02 15:46:13',1,'2015-12-02 15:46:13'),(50,'/org.ajax',1,1,'2015-12-02 15:46:31',1,'2015-12-02 15:46:31'),(51,'/org',1,1,'2015-12-02 15:47:05',1,'2015-12-02 15:47:05'),(52,'/org.ajax',1,1,'2015-12-02 15:47:05',1,'2015-12-02 15:47:05'),(53,'/login',NULL,NULL,'2015-12-02 15:48:01',NULL,'2015-12-02 15:48:01'),(54,'/login',NULL,NULL,'2015-12-02 15:48:03',NULL,'2015-12-02 15:48:03'),(55,'/login',NULL,NULL,'2015-12-02 15:48:58',NULL,'2015-12-02 15:48:58'),(56,'/login',NULL,NULL,'2015-12-02 15:49:02',NULL,'2015-12-02 15:49:02'),(57,'/login',NULL,NULL,'2015-12-02 15:49:15',NULL,'2015-12-02 15:49:15'),(58,'/login',1,1,'2015-12-02 15:49:17',1,'2015-12-02 15:49:17'),(59,'/main',1,1,'2015-12-02 15:49:19',1,'2015-12-02 15:49:19'),(60,'/permission/menu',1,1,'2015-12-02 15:49:22',1,'2015-12-02 15:49:22'),(61,'/org',1,1,'2015-12-02 15:49:27',1,'2015-12-02 15:49:27'),(62,'/permission/menu',1,1,'2015-12-02 15:49:30',1,'2015-12-02 15:49:30'),(63,'/org.ajax',1,1,'2015-12-02 15:49:30',1,'2015-12-02 15:49:30'),(64,'/login',NULL,NULL,'2015-12-02 15:50:19',NULL,'2015-12-02 15:50:19'),(65,'/login',NULL,NULL,'2015-12-02 15:50:20',NULL,'2015-12-02 15:50:20'),(66,'/login',NULL,NULL,'2015-12-02 15:50:25',NULL,'2015-12-02 15:50:25'),(67,'/login',NULL,NULL,'2015-12-02 15:50:27',NULL,'2015-12-02 15:50:27'),(68,'/login',NULL,NULL,'2015-12-02 15:50:38',NULL,'2015-12-02 15:50:38'),(69,'/org',1,1,'2015-12-02 15:50:43',1,'2015-12-02 15:50:43'),(70,'/permission/menu',1,1,'2015-12-02 15:50:46',1,'2015-12-02 15:50:46'),(71,'/org.ajax',1,1,'2015-12-02 15:50:47',1,'2015-12-02 15:50:47'),(72,'/org.ajax',1,1,'2015-12-02 15:50:55',1,'2015-12-02 15:50:55'),(73,'/org',1,1,'2015-12-02 15:52:03',1,'2015-12-02 15:52:03'),(74,'/org.ajax',1,1,'2015-12-02 15:52:06',1,'2015-12-02 15:52:06'),(75,'/login',NULL,NULL,'2015-12-02 15:55:29',NULL,'2015-12-02 15:55:29'),(76,'/login',NULL,NULL,'2015-12-02 15:55:31',NULL,'2015-12-02 15:55:31'),(77,'/login',NULL,NULL,'2015-12-02 15:55:43',NULL,'2015-12-02 15:55:43'),(78,'/login',NULL,NULL,'2015-12-02 15:55:43',NULL,'2015-12-02 15:55:43'),(79,'/login',NULL,NULL,'2015-12-02 15:55:53',NULL,'2015-12-02 15:55:53'),(80,'/main',1,1,'2015-12-02 15:55:55',1,'2015-12-02 15:55:55'),(81,'/permission/menu',1,1,'2015-12-02 15:55:57',1,'2015-12-02 15:55:57'),(82,'/org',1,1,'2015-12-02 15:56:06',1,'2015-12-02 15:56:06'),(83,'/permission/menu',1,1,'2015-12-02 15:56:07',1,'2015-12-02 15:56:07'),(84,'/org.ajax',1,1,'2015-12-02 15:56:08',1,'2015-12-02 15:56:08'),(85,'/org',1,1,'2015-12-02 15:57:07',1,'2015-12-02 15:57:07'),(86,'/permission/menu',1,1,'2015-12-02 15:57:09',1,'2015-12-02 15:57:09'),(87,'/org.ajax',1,1,'2015-12-02 15:57:09',1,'2015-12-02 15:57:09'),(88,'/org.ajax',1,1,'2015-12-02 15:57:13',1,'2015-12-02 15:57:13'),(89,'/org',1,1,'2015-12-02 15:58:04',1,'2015-12-02 15:58:04'),(90,'/org.ajax',1,1,'2015-12-02 15:58:07',1,'2015-12-02 15:58:07'),(91,'/org',1,1,'2015-12-02 15:58:11',1,'2015-12-02 15:58:11'),(92,'/permission/menu',1,1,'2015-12-02 15:58:13',1,'2015-12-02 15:58:13'),(93,'/org.ajax',1,1,'2015-12-02 15:58:14',1,'2015-12-02 15:58:14'),(94,'/login',NULL,NULL,'2015-12-02 16:04:52',NULL,'2015-12-02 16:04:52'),(95,'/login',NULL,NULL,'2015-12-02 16:04:54',NULL,'2015-12-02 16:04:54'),(96,'/login',NULL,NULL,'2015-12-02 16:05:00',NULL,'2015-12-02 16:05:00'),(97,'/login',NULL,NULL,'2015-12-02 16:05:09',NULL,'2015-12-02 16:05:09'),(98,'/org',1,1,'2015-12-02 16:05:14',1,'2015-12-02 16:05:14'),(99,'/permission/menu',1,1,'2015-12-02 16:05:16',1,'2015-12-02 16:05:16'),(100,'/org.ajax',1,1,'2015-12-02 16:05:17',1,'2015-12-02 16:05:17'),(101,'/org.ajax',1,1,'2015-12-02 16:05:29',1,'2015-12-02 16:05:29'),(102,'/org.ajax',1,1,'2015-12-02 16:05:41',1,'2015-12-02 16:05:41'),(103,'/org.ajax',1,1,'2015-12-02 16:05:44',1,'2015-12-02 16:05:44'),(104,'/org',1,1,'2015-12-02 16:06:40',1,'2015-12-02 16:06:40'),(105,'/org.ajax',1,1,'2015-12-02 16:06:42',1,'2015-12-02 16:06:42'),(106,'/org',1,1,'2015-12-02 16:09:48',1,'2015-12-02 16:09:48'),(107,'/permission/menu',1,1,'2015-12-02 16:09:50',1,'2015-12-02 16:09:50'),(108,'/org.ajax',1,1,'2015-12-02 16:09:50',1,'2015-12-02 16:09:50'),(109,'/org/2/user',1,1,'2015-12-02 16:09:57',1,'2015-12-02 16:09:57'),(110,'/permission/menu',1,1,'2015-12-02 16:09:59',1,'2015-12-02 16:09:59'),(111,'/org/2/user.ajax',1,1,'2015-12-02 16:10:00',1,'2015-12-02 16:10:00'),(112,'/user',1,1,'2015-12-02 16:10:58',1,'2015-12-02 16:10:58'),(113,'/org/2/user.ajax',1,1,'2015-12-02 16:11:00',1,'2015-12-02 16:11:00'),(114,'/org/2/user',1,1,'2015-12-02 16:11:02',1,'2015-12-02 16:11:02'),(115,'/permission/menu',1,1,'2015-12-02 16:11:04',1,'2015-12-02 16:11:04'),(116,'/org/2/user.ajax',1,1,'2015-12-02 16:11:04',1,'2015-12-02 16:11:04'),(117,'/user',1,1,'2015-12-02 16:11:41',1,'2015-12-02 16:11:41'),(118,'/org/2/user.ajax',1,1,'2015-12-02 16:11:44',1,'2015-12-02 16:11:44'),(119,'/org/2/user',1,1,'2015-12-02 16:17:03',1,'2015-12-02 16:17:03'),(120,'/permission/menu',1,1,'2015-12-02 16:17:05',1,'2015-12-02 16:17:05'),(121,'/org/2/user.ajax',1,1,'2015-12-02 16:17:05',1,'2015-12-02 16:17:05'),(122,'/org/2/user',1,1,'2015-12-02 16:18:20',1,'2015-12-02 16:18:20'),(123,'/permission/menu',1,1,'2015-12-02 16:18:21',1,'2015-12-02 16:18:21'),(124,'/org/2/user.ajax',1,1,'2015-12-02 16:18:22',1,'2015-12-02 16:18:22'),(125,'/user',1,1,'2015-12-02 16:19:21',1,'2015-12-02 16:19:21'),(126,'/org/2/user.ajax',1,1,'2015-12-02 16:19:23',1,'2015-12-02 16:19:23'),(127,'/org/2/user',1,1,'2015-12-02 16:19:49',1,'2015-12-02 16:19:49'),(128,'/permission/menu',1,1,'2015-12-02 16:19:51',1,'2015-12-02 16:19:51'),(129,'/org/2/user.ajax',1,1,'2015-12-02 16:19:52',1,'2015-12-02 16:19:52'),(130,'/org/2/user',1,1,'2015-12-02 16:21:22',1,'2015-12-02 16:21:22'),(131,'/permission/menu',1,1,'2015-12-02 16:21:24',1,'2015-12-02 16:21:24'),(132,'/org/2/user.ajax',1,1,'2015-12-02 16:21:25',1,'2015-12-02 16:21:25'),(133,'/org',1,1,'2015-12-02 16:21:34',1,'2015-12-02 16:21:34'),(134,'/permission/menu',1,1,'2015-12-02 16:21:36',1,'2015-12-02 16:21:36'),(135,'/org.ajax',1,1,'2015-12-02 16:21:37',1,'2015-12-02 16:21:37'),(136,'/org/3/user',1,1,'2015-12-02 16:21:40',1,'2015-12-02 16:21:40'),(137,'/permission/menu',1,1,'2015-12-02 16:21:42',1,'2015-12-02 16:21:42'),(138,'/org/3/user.ajax',1,1,'2015-12-02 16:21:43',1,'2015-12-02 16:21:43'),(139,'/user',1,1,'2015-12-02 16:22:36',1,'2015-12-02 16:22:36'),(140,'/org/3/user.ajax',1,1,'2015-12-02 16:22:38',1,'2015-12-02 16:22:38'),(141,'/org',1,1,'2015-12-02 16:22:42',1,'2015-12-02 16:22:42'),(142,'/permission/menu',1,1,'2015-12-02 16:22:44',1,'2015-12-02 16:22:44'),(143,'/org.ajax',1,1,'2015-12-02 16:22:45',1,'2015-12-02 16:22:45'),(144,'/org/4/user',1,1,'2015-12-02 16:22:56',1,'2015-12-02 16:22:56'),(145,'/permission/menu',1,1,'2015-12-02 16:22:58',1,'2015-12-02 16:22:58'),(146,'/org/4/user.ajax',1,1,'2015-12-02 16:22:59',1,'2015-12-02 16:22:59'),(147,'/user',1,1,'2015-12-02 16:23:24',1,'2015-12-02 16:23:24'),(148,'/org/4/user.ajax',1,1,'2015-12-02 16:23:26',1,'2015-12-02 16:23:26'),(149,'/permission',1,1,'2015-12-02 16:23:29',1,'2015-12-02 16:23:29'),(150,'/org',1,1,'2015-12-02 16:23:34',1,'2015-12-02 16:23:34'),(151,'/permission/menu',1,1,'2015-12-02 16:23:36',1,'2015-12-02 16:23:36'),(152,'/org.ajax',1,1,'2015-12-02 16:23:38',1,'2015-12-02 16:23:38'),(153,'/org/6/user',1,1,'2015-12-02 16:23:52',1,'2015-12-02 16:23:52'),(154,'/org/6/user.ajax',1,1,'2015-12-02 16:23:55',1,'2015-12-02 16:23:55'),(155,'/permission/menu',1,1,'2015-12-02 16:23:55',1,'2015-12-02 16:23:55'),(156,'/user',1,1,'2015-12-02 16:24:34',1,'2015-12-02 16:24:34'),(157,'/org/6/user.ajax',1,1,'2015-12-02 16:24:37',1,'2015-12-02 16:24:37'),(158,'/org',1,1,'2015-12-02 16:24:42',1,'2015-12-02 16:24:42'),(159,'/permission/menu',1,1,'2015-12-02 16:24:43',1,'2015-12-02 16:24:43'),(160,'/org.ajax',1,1,'2015-12-02 16:24:44',1,'2015-12-02 16:24:44'),(161,'/org/5/user',1,1,'2015-12-02 16:24:55',1,'2015-12-02 16:24:55'),(162,'/permission/menu',1,1,'2015-12-02 16:24:57',1,'2015-12-02 16:24:57'),(163,'/org/5/user.ajax',1,1,'2015-12-02 16:24:58',1,'2015-12-02 16:24:58'),(164,'/user',1,1,'2015-12-02 16:25:40',1,'2015-12-02 16:25:40'),(165,'/org/5/user.ajax',1,1,'2015-12-02 16:25:42',1,'2015-12-02 16:25:42'),(166,'/org',1,1,'2015-12-02 16:25:48',1,'2015-12-02 16:25:48'),(167,'/permission/menu',1,1,'2015-12-02 16:25:50',1,'2015-12-02 16:25:50'),(168,'/org.ajax',1,1,'2015-12-02 16:25:50',1,'2015-12-02 16:25:50'),(169,'/tenant',1,1,'2015-12-02 16:25:58',1,'2015-12-02 16:25:58'),(170,'/permission/menu',1,1,'2015-12-02 16:26:01',1,'2015-12-02 16:26:01'),(171,'/tenant.ajax',1,1,'2015-12-02 16:26:02',1,'2015-12-02 16:26:02'),(172,'/tenant/new',1,1,'2015-12-02 16:26:09',1,'2015-12-02 16:26:09'),(173,'/permission/menu',1,1,'2015-12-02 16:26:11',1,'2015-12-02 16:26:11'),(174,'/org.ajax',1,1,'2015-12-02 16:26:12',1,'2015-12-02 16:26:12'),(175,'/org/5/user.ajax',1,1,'2015-12-02 16:26:32',1,'2015-12-02 16:26:32'),(176,'/org.ajax',1,1,'2015-12-02 16:26:36',1,'2015-12-02 16:26:36'),(177,'/org/3/user.ajax',1,1,'2015-12-02 16:26:41',1,'2015-12-02 16:26:41'),(178,'/org.ajax',1,1,'2015-12-02 16:26:46',1,'2015-12-02 16:26:46'),(179,'/org/6/user.ajax',1,1,'2015-12-02 16:26:51',1,'2015-12-02 16:26:51'),(180,'/org/3/user.ajax',1,1,'2015-12-02 16:26:56',1,'2015-12-02 16:26:56'),(181,'/org/6/user.ajax',1,1,'2015-12-02 16:27:03',1,'2015-12-02 16:27:03'),(182,'/tenant/save',1,1,'2015-12-02 16:27:24',1,'2015-12-02 16:27:24'),(183,'/tenant',1,1,'2015-12-02 16:27:29',1,'2015-12-02 16:27:29'),(184,'/permission/menu',1,1,'2015-12-02 16:27:33',1,'2015-12-02 16:27:33'),(185,'/tenant.ajax',1,1,'2015-12-02 16:27:34',1,'2015-12-02 16:27:34'),(186,'/tenant/new',1,1,'2015-12-02 16:27:54',1,'2015-12-02 16:27:54'),(187,'/permission/menu',1,1,'2015-12-02 16:27:56',1,'2015-12-02 16:27:56'),(188,'/org.ajax',1,1,'2015-12-02 16:27:58',1,'2015-12-02 16:27:58'),(189,'/org.ajax',1,1,'2015-12-02 16:28:12',1,'2015-12-02 16:28:12'),(190,'/org/5/user.ajax',1,1,'2015-12-02 16:28:27',1,'2015-12-02 16:28:27'),(191,'/org.ajax',1,1,'2015-12-02 16:28:32',1,'2015-12-02 16:28:32'),(192,'/org/3/user.ajax',1,1,'2015-12-02 16:28:40',1,'2015-12-02 16:28:40'),(193,'/org.ajax',1,1,'2015-12-02 16:28:45',1,'2015-12-02 16:28:45'),(194,'/org/6/user.ajax',1,1,'2015-12-02 16:28:54',1,'2015-12-02 16:28:54'),(195,'/org/3/user.ajax',1,1,'2015-12-02 16:28:59',1,'2015-12-02 16:28:59'),(196,'/org.ajax',1,1,'2015-12-02 16:29:01',1,'2015-12-02 16:29:01'),(197,'/org/4/user.ajax',1,1,'2015-12-02 16:29:09',1,'2015-12-02 16:29:09'),(198,'/org/3/user.ajax',1,1,'2015-12-02 16:29:13',1,'2015-12-02 16:29:13'),(199,'/org/4/user.ajax',1,1,'2015-12-02 16:29:18',1,'2015-12-02 16:29:18'),(200,'/tenant/save',1,1,'2015-12-02 16:29:33',1,'2015-12-02 16:29:33'),(201,'/tenant',1,1,'2015-12-02 16:29:37',1,'2015-12-02 16:29:37'),(202,'/permission/menu',1,1,'2015-12-02 16:29:39',1,'2015-12-02 16:29:39'),(203,'/tenant.ajax',1,1,'2015-12-02 16:29:40',1,'2015-12-02 16:29:40'),(204,'/course',1,1,'2015-12-02 16:29:47',1,'2015-12-02 16:29:47'),(205,'/permission/menu',1,1,'2015-12-02 16:29:49',1,'2015-12-02 16:29:49'),(206,'/course.ajax',1,1,'2015-12-02 16:29:49',1,'2015-12-02 16:29:49'),(207,'/tenant',1,1,'2015-12-02 16:29:54',1,'2015-12-02 16:29:54'),(208,'/permission/menu',1,1,'2015-12-02 16:29:56',1,'2015-12-02 16:29:56'),(209,'/tenant.ajax',1,1,'2015-12-02 16:29:57',1,'2015-12-02 16:29:57'),(210,'/tenant/1/course',1,1,'2015-12-02 16:30:02',1,'2015-12-02 16:30:02'),(211,'/tenant/1/course',1,1,'2015-12-02 16:30:04',1,'2015-12-02 16:30:04'),(212,'/permission/menu',1,1,'2015-12-02 16:30:06',1,'2015-12-02 16:30:06'),(213,'/tenant/1/course.ajax',1,1,'2015-12-02 16:30:06',1,'2015-12-02 16:30:06'),(214,'/tenant/1/course/save',1,1,'2015-12-02 16:31:54',1,'2015-12-02 16:31:54'),(215,'/tenant/1/course.ajax',1,1,'2015-12-02 16:31:56',1,'2015-12-02 16:31:56'),(216,'/course',1,1,'2015-12-02 16:32:07',1,'2015-12-02 16:32:07'),(217,'/permission/menu',1,1,'2015-12-02 16:32:09',1,'2015-12-02 16:32:09'),(218,'/course.ajax',1,1,'2015-12-02 16:32:10',1,'2015-12-02 16:32:10'),(219,'/tenant',1,1,'2015-12-02 16:32:17',1,'2015-12-02 16:32:17'),(220,'/permission/menu',1,1,'2015-12-02 16:32:18',1,'2015-12-02 16:32:18'),(221,'/tenant.ajax',1,1,'2015-12-02 16:32:19',1,'2015-12-02 16:32:19'),(222,'/tenant/1/course',1,1,'2015-12-02 16:32:26',1,'2015-12-02 16:32:26'),(223,'/permission/menu',1,1,'2015-12-02 16:32:29',1,'2015-12-02 16:32:29'),(224,'/tenant/1/course.ajax',1,1,'2015-12-02 16:32:30',1,'2015-12-02 16:32:30'),(225,'/tenant/1/course/save',1,1,'2015-12-02 16:33:25',1,'2015-12-02 16:33:25'),(226,'/tenant/1/course.ajax',1,1,'2015-12-02 16:33:28',1,'2015-12-02 16:33:28'),(227,'/tenant',1,1,'2015-12-02 16:33:34',1,'2015-12-02 16:33:34'),(228,'/tenant.ajax',1,1,'2015-12-02 16:33:36',1,'2015-12-02 16:33:36'),(229,'/permission/menu',1,1,'2015-12-02 16:33:36',1,'2015-12-02 16:33:36'),(230,'/tenant/2/course',1,1,'2015-12-02 16:33:42',1,'2015-12-02 16:33:42'),(231,'/permission/menu',1,1,'2015-12-02 16:33:44',1,'2015-12-02 16:33:44'),(232,'/tenant/2/course.ajax',1,1,'2015-12-02 16:33:45',1,'2015-12-02 16:33:45'),(233,'/tenant/2/course/buy.ajax',1,1,'2015-12-02 16:33:48',1,'2015-12-02 16:33:48'),(234,'/tenant/2/course/buy/1',1,1,'2015-12-02 16:33:52',1,'2015-12-02 16:33:52'),(235,'/login',NULL,NULL,'2015-12-02 16:34:57',NULL,'2015-12-02 16:34:57'),(236,'/login',NULL,NULL,'2015-12-02 16:34:59',NULL,'2015-12-02 16:34:59'),(237,'/login',NULL,NULL,'2015-12-02 16:35:09',NULL,'2015-12-02 16:35:09'),(238,'/login',NULL,NULL,'2015-12-02 16:35:13',NULL,'2015-12-02 16:35:13'),(239,'/tenant/2/course',1,1,'2015-12-02 16:35:19',1,'2015-12-02 16:35:19'),(240,'/permission/menu',1,1,'2015-12-02 16:35:21',1,'2015-12-02 16:35:21'),(241,'/tenant/2/course.ajax',1,1,'2015-12-02 16:35:21',1,'2015-12-02 16:35:21'),(242,'/tenant/2/course/buy.ajax',1,1,'2015-12-02 16:35:26',1,'2015-12-02 16:35:26'),(243,'/tenant/2/course/buy/1',1,1,'2015-12-02 16:35:32',1,'2015-12-02 16:35:32'),(244,'/tenant/2/course.ajax',1,1,'2015-12-02 16:35:34',1,'2015-12-02 16:35:34'),(245,'/tenant/2/course/buy.ajax',1,1,'2015-12-02 16:35:35',1,'2015-12-02 16:35:35'),(246,'/tenant/2/course/buy/2',1,1,'2015-12-02 16:35:41',1,'2015-12-02 16:35:41'),(247,'/tenant/2/course.ajax',1,1,'2015-12-02 16:35:43',1,'2015-12-02 16:35:43'),(248,'/course',1,1,'2015-12-02 16:35:47',1,'2015-12-02 16:35:47'),(249,'/permission/menu',1,1,'2015-12-02 16:35:49',1,'2015-12-02 16:35:49'),(250,'/course.ajax',1,1,'2015-12-02 16:35:49',1,'2015-12-02 16:35:49'),(251,'/course',1,1,'2015-12-02 16:36:07',1,'2015-12-02 16:36:07'),(252,'/permission/menu',1,1,'2015-12-02 16:36:09',1,'2015-12-02 16:36:09'),(253,'/course.ajax',1,1,'2015-12-02 16:36:09',1,'2015-12-02 16:36:09'),(254,'/tenant',1,1,'2015-12-02 16:37:11',1,'2015-12-02 16:37:11'),(255,'/course',1,1,'2015-12-02 16:37:15',1,'2015-12-02 16:37:15'),(256,'/permission/menu',1,1,'2015-12-02 16:37:17',1,'2015-12-02 16:37:17'),(257,'/course.ajax',1,1,'2015-12-02 16:37:17',1,'2015-12-02 16:37:17'),(258,'/course',1,1,'2015-12-02 16:39:08',1,'2015-12-02 16:39:08'),(259,'/permission/menu',1,1,'2015-12-02 16:39:10',1,'2015-12-02 16:39:10'),(260,'/course.ajax',1,1,'2015-12-02 16:39:11',1,'2015-12-02 16:39:11'),(261,'/course',1,1,'2015-12-02 16:39:32',1,'2015-12-02 16:39:32'),(262,'/permission/menu',1,1,'2015-12-02 16:39:34',1,'2015-12-02 16:39:34'),(263,'/course.ajax',1,1,'2015-12-02 16:39:35',1,'2015-12-02 16:39:35'),(264,'/course',1,1,'2015-12-02 16:40:45',1,'2015-12-02 16:40:45'),(265,'/permission/menu',1,1,'2015-12-02 16:50:17',1,'2015-12-02 16:50:17'),(266,'/course.ajax',1,1,'2015-12-02 16:50:17',1,'2015-12-02 16:50:17'),(267,'/login',NULL,NULL,'2015-12-02 16:50:28',NULL,'2015-12-02 16:50:28'),(268,'/login',NULL,NULL,'2015-12-02 16:50:30',NULL,'2015-12-02 16:50:30'),(269,'/login',NULL,NULL,'2015-12-02 16:52:18',NULL,'2015-12-02 16:52:18'),(270,'/login',NULL,NULL,'2015-12-02 16:52:35',NULL,'2015-12-02 16:52:35'),(271,'/login',NULL,NULL,'2015-12-02 16:52:36',NULL,'2015-12-02 16:52:36'),(272,'/login',NULL,NULL,'2015-12-02 16:52:45',NULL,'2015-12-02 16:52:45'),(273,'/login',NULL,NULL,'2015-12-02 16:52:50',NULL,'2015-12-02 16:52:50'),(274,'/course',1,1,'2015-12-02 16:52:54',1,'2015-12-02 16:52:54'),(275,'/permission/menu',1,1,'2015-12-02 16:52:58',1,'2015-12-02 16:52:58'),(276,'/course.ajax',1,1,'2015-12-02 16:53:05',1,'2015-12-02 16:53:05'),(277,'/course/1/class',1,1,'2015-12-02 16:53:18',1,'2015-12-02 16:53:18'),(278,'/permission/menu',1,1,'2015-12-02 16:53:20',1,'2015-12-02 16:53:20'),(279,'/course/1/class.ajax',1,1,'2015-12-02 16:53:21',1,'2015-12-02 16:53:21'),(280,'/course/1/class',1,1,'2015-12-02 16:54:00',1,'2015-12-02 16:54:00'),(281,'/course/1/class.ajax',1,1,'2015-12-02 16:54:02',1,'2015-12-02 16:54:02'),(282,'/login',NULL,NULL,'2015-12-02 17:00:18',NULL,'2015-12-02 17:00:18'),(283,'/login',NULL,NULL,'2015-12-02 17:00:19',NULL,'2015-12-02 17:00:19'),(284,'/login',NULL,NULL,'2015-12-02 17:01:22',NULL,'2015-12-02 17:01:22'),(285,'/login',NULL,NULL,'2015-12-02 17:01:28',NULL,'2015-12-02 17:01:28'),(286,'/course/1/class',1,1,'2015-12-02 17:01:30',1,'2015-12-02 17:01:30'),(287,'/permission/menu',1,1,'2015-12-02 17:01:32',1,'2015-12-02 17:01:32'),(288,'/course/1/class.ajax',1,1,'2015-12-02 17:01:33',1,'2015-12-02 17:01:33'),(289,'/login',NULL,NULL,'2015-12-02 17:05:39',NULL,'2015-12-02 17:05:39'),(290,'/login',NULL,NULL,'2015-12-02 17:05:40',NULL,'2015-12-02 17:05:40'),(291,'/login',NULL,NULL,'2015-12-02 17:05:59',NULL,'2015-12-02 17:05:59'),(292,'/login',NULL,NULL,'2015-12-02 17:06:04',NULL,'2015-12-02 17:06:04'),(293,'/course/1/class',1,1,'2015-12-02 17:06:06',1,'2015-12-02 17:06:06'),(294,'/permission/menu',1,1,'2015-12-02 17:06:08',1,'2015-12-02 17:06:08'),(295,'/course/1/class.ajax',1,1,'2015-12-02 17:06:08',1,'2015-12-02 17:06:08'),(296,'/course/1/class',1,1,'2015-12-02 17:06:39',1,'2015-12-02 17:06:39'),(297,'/permission/menu',1,1,'2015-12-02 17:06:41',1,'2015-12-02 17:06:41'),(298,'/course/1/class.ajax',1,1,'2015-12-02 17:06:42',1,'2015-12-02 17:06:42'),(299,'/course/1/class',1,1,'2015-12-02 17:07:15',1,'2015-12-02 17:07:15'),(300,'/permission/menu',1,1,'2015-12-02 17:09:41',1,'2015-12-02 17:09:41'),(301,'/course/1/class.ajax',1,1,'2015-12-02 17:09:42',1,'2015-12-02 17:09:42'),(302,'/login',NULL,NULL,'2015-12-02 17:09:53',NULL,'2015-12-02 17:09:53'),(303,'/login',NULL,NULL,'2015-12-02 17:09:54',NULL,'2015-12-02 17:09:54'),(304,'/login',NULL,NULL,'2015-12-02 17:09:59',NULL,'2015-12-02 17:09:59'),(305,'/login',NULL,NULL,'2015-12-02 17:10:02',NULL,'2015-12-02 17:10:02'),(306,'/course/1/class',1,1,'2015-12-02 17:10:05',1,'2015-12-02 17:10:05'),(307,'/permission/menu',1,1,'2015-12-02 17:10:08',1,'2015-12-02 17:10:08'),(308,'/course/1/class.ajax',1,1,'2015-12-02 17:10:12',1,'2015-12-02 17:10:12'),(309,'/course',1,1,'2015-12-02 17:10:25',1,'2015-12-02 17:10:25'),(310,'/permission/menu',1,1,'2015-12-02 17:10:28',1,'2015-12-02 17:10:28'),(311,'/course.ajax',1,1,'2015-12-02 17:10:29',1,'2015-12-02 17:10:29'),(312,'/course/2/class',1,1,'2015-12-02 17:10:32',1,'2015-12-02 17:10:32'),(313,'/permission/menu',1,1,'2015-12-02 17:10:35',1,'2015-12-02 17:10:35'),(314,'/course/2/class.ajax',1,1,'2015-12-02 17:10:35',1,'2015-12-02 17:10:35'),(315,'/course/2/class',1,1,'2015-12-02 17:11:10',1,'2015-12-02 17:11:10'),(316,'/course/2/class.ajax',1,1,'2015-12-02 17:11:12',1,'2015-12-02 17:11:12'),(317,'/permission/menu',1,1,'2015-12-02 17:11:17',1,'2015-12-02 17:11:17'),(318,'/course/3/class',1,1,'2015-12-02 17:11:26',1,'2015-12-02 17:11:26'),(319,'/permission/menu',1,1,'2015-12-02 17:11:28',1,'2015-12-02 17:11:28'),(320,'/course/3/class.ajax',1,1,'2015-12-02 17:11:29',1,'2015-12-02 17:11:29'),(321,'/course/3/class',1,1,'2015-12-02 17:11:52',1,'2015-12-02 17:11:52'),(322,'/course/3/class.ajax',1,1,'2015-12-02 17:11:54',1,'2015-12-02 17:11:54'),(323,'/permission/menu',1,1,'2015-12-02 17:11:56',1,'2015-12-02 17:11:56'),(324,'/course/4/class',1,1,'2015-12-02 17:11:58',1,'2015-12-02 17:11:58'),(325,'/permission/menu',1,1,'2015-12-02 17:12:00',1,'2015-12-02 17:12:00'),(326,'/course/4/class.ajax',1,1,'2015-12-02 17:12:00',1,'2015-12-02 17:12:00'),(327,'/course/4/class',1,1,'2015-12-02 17:12:25',1,'2015-12-02 17:12:25'),(328,'/course/4/class.ajax',1,1,'2015-12-02 17:12:27',1,'2015-12-02 17:12:27'),(329,'/class',1,1,'2015-12-02 17:12:32',1,'2015-12-02 17:12:32'),(330,'/permission/menu',1,1,'2015-12-02 17:12:34',1,'2015-12-02 17:12:34'),(331,'/class.ajax',1,1,'2015-12-02 17:12:35',1,'2015-12-02 17:12:35'),(332,'/statistics',1,1,'2015-12-02 17:12:47',1,'2015-12-02 17:12:47'),(333,'/permission/menu',1,1,'2015-12-02 17:12:50',1,'2015-12-02 17:12:50'),(334,'/statistics.ajax',1,1,'2015-12-02 17:12:51',1,'2015-12-02 17:12:51'),(335,'/statistics.ajax',1,1,'2015-12-02 17:12:56',1,'2015-12-02 17:12:56'),(336,'/alarm',1,1,'2015-12-02 17:13:02',1,'2015-12-02 17:13:02'),(337,'/permission/menu',1,1,'2015-12-02 17:13:03',1,'2015-12-02 17:13:03'),(338,'/alarm.ajax',1,1,'2015-12-02 17:13:06',1,'2015-12-02 17:13:06'),(339,'/alarm.ajax',1,1,'2015-12-02 17:13:12',1,'2015-12-02 17:13:12'),(340,'/alarm.ajax',1,1,'2015-12-02 17:13:18',1,'2015-12-02 17:13:18'),(341,'/alarm.ajax',1,1,'2015-12-02 17:13:35',1,'2015-12-02 17:13:35');
/*!40000 ALTER TABLE `visit_record` ENABLE KEYS */;
UNLOCK TABLES;
/*!40103 SET TIME_ZONE=@OLD_TIME_ZONE */;

/*!40101 SET SQL_MODE=@OLD_SQL_MODE */;
/*!40014 SET FOREIGN_KEY_CHECKS=@OLD_FOREIGN_KEY_CHECKS */;
/*!40014 SET UNIQUE_CHECKS=@OLD_UNIQUE_CHECKS */;
/*!40101 SET CHARACTER_SET_CLIENT=@OLD_CHARACTER_SET_CLIENT */;
/*!40101 SET CHARACTER_SET_RESULTS=@OLD_CHARACTER_SET_RESULTS */;
/*!40101 SET COLLATION_CONNECTION=@OLD_COLLATION_CONNECTION */;
/*!40111 SET SQL_NOTES=@OLD_SQL_NOTES */;

-- Dump completed on 2015-12-02 17:15:08
